,l,a,b
#4DC7E8,75,-23.657,-26.274
#1C3D61,25,1.3084,-24.966
#5E78A1,50,1.3084,-24.966
#A0BAE6,75,1.3084,-24.966
#512D5F,25,26.274,-23.657
#90689F,50,26.274,-23.657
#D5A9E4,75,26.274,-23.657
#72005E,25,51.24,-22.349
#B8509E,50,51.24,-22.349
#DB1F9D,50,76.206,-21.041
#077ACC,50,2.6168,-49.931
#2E3086,25,27.583,-48.623
#746BCA,50,27.583,-48.623
#600B84,25,52.548,-47.315
#A553C8,50,52.548,-47.315
#CD26C7,50,77.514,-46.006
#2F6EF6,50,28.891,-73.589
#3518AD,25,53.857,-72.28
#8558F4,50,53.857,-72.28
#B62EF2,50,78.822,-70.972
#3B8378,50,-24.966,-1.3084
#7EC6BA,75,-24.966,-1.3084
#000000,0,0,0
#3B3B3B,25,0,0
#777777,50,0,0
#B9B9B9,75,0,0
#FFFFFF,100,0,0
#5E2B3A,25,24.966,1.3084
#A06776,50,24.966,1.3084
#E6A8B7,75,24.966,1.3084
#C34F74,50,49.931,2.6168
#E31B73,50,74.897,3.9252
#184415,25,-26.274,23.657
#55824D,50,-26.274,23.657
#96C58C,75,-26.274,23.657
#4BCF8E,75,-51.24,22.349
#443B14,25,-1.3084,24.966
#83764C,50,-1.3084,24.966
#C7B88B,75,-1.3084,24.966
#632B14,25,23.657,26.274
#A8664B,50,23.657,26.274
#F1A78A,75,23.657,26.274
#C94E4B,50,48.623,27.583
#E81A4B,50,73.589,28.891
#608218,50,-27.583,48.623
#A3C55B,75,-27.583,48.623
#0E8A19,50,-52.548,47.315
#67CF5C,75,-52.548,47.315
#897618,50,-2.6168,49.931
#D0B85A,75,-2.6168,49.931
#AC6619,50,22.349,51.24
#F7A75A,75,22.349,51.24
#CC4F1B,50,47.315,52.548
#EA1D1D,50,72.28,53.857
#AAC510,75,-28.891,73.589
#73CF10,75,-53.857,72.28
#D5B811,75,-3.9252,74.897
#FBA714,75,21.041,76.206
