,dim_0,dim_1,dim_2
#000000,0.11473348736763,-0.751301348209381,-1.15036475658417
#0E8A19,0.875623047351837,0.139807716012001,0.0530672334134579
#1C3D61,0.330143719911575,-0.679633378982544,-0.0284686163067818
#2E3086,0.1681789457798,-0.773749530315399,0.124198667705059
#2F6EF6,0.160089790821075,-0.555881142616272,0.434273302555084
#3B3B3B,0.189567506313324,-0.665900051593781,-0.810248911380768
#3B8378,0.539743304252625,-0.152729272842407,0.0289849936962128
#4BCF8E,0.659498691558838,0.100017689168453,0.395593851804733
#4DC7E8,0.300685465335846,-0.396910011768341,0.474164187908173
#5E2B3A,-0.59392786026001,-0.149902150034904,-0.382759541273117
#5E78A1,0.190759301185608,-0.474132627248764,0.111518479883671
#7EC6BA,0.386547803878784,-0.160457655787468,0.401986658573151
#67CF5C,0.69588166475296,0.268412709236145,0.327582538127899
#73CF10,0.763731002807617,0.348131477832794,0.321287453174591
#077ACC,0.260018438100815,-0.556003212928772,0.313599944114685
#96C58C,0.554177820682526,0.208628252148628,0.186280384659767
#443B14,0.53351503610611,0.0987333729863167,-0.65580826997757
#512D5F,-0.507382035255432,-0.573484539985657,-0.0640386268496513
#600B84,-0.508418440818787,-0.558529615402222,-0.0483572781085968
#632B14,-0.334475785493851,0.297046422958374,-0.798160135746002
#746BCA,-0.139851972460747,-0.451101571321487,0.134546667337418
#3518AD,0.181907519698143,-0.773685276508331,0.21536910533905
#8558F4,-0.252446979284286,-0.448141515254974,0.220543965697289
#55824D,0.715725302696228,0.0287446267902851,-0.0649041682481766
#72005E,-0.648910284042358,-0.349146634340286,-0.0349728912115097
#83764C,0.281761318445206,0.244777500629425,-0.45843893289566
#90689F,-0.465041697025299,-0.249569863080978,0.0817514434456825
#184415,1.01123559474945,0.00848903879523277,-0.163111805915833
#608218,0.713848292827606,0.180259495973587,-0.0213938318192959
#777777,0.167885720729828,-0.394235759973526,-0.621951878070831
#897618,0.395325690507889,0.354175060987473,-0.384064078330994
#A0BAE6,0.14221927523613,-0.297964751720428,0.327944755554199
#A3C55B,0.569807231426239,0.328568935394287,0.205421686172485
#A553C8,-0.448141485452652,-0.274956405162811,0.163977026939392
#A06776,-0.398338735103607,0.0156040117144585,-0.0801893323659897
#A8664B,-0.184113308787346,0.376172751188278,-0.364130973815918
#AAC510,0.61238044500351,0.469059616327286,0.167863592505455
#AC6619,-0.0406931638717651,0.531714558601379,-0.448494255542755
#B9B9B9,0.144957587122917,-0.194723427295685,-0.376552611589432
#B62EF2,-0.558931350708008,-0.284128338098526,0.225812703371048
#B8509E,-0.608638346195221,-0.101090610027313,0.121149741113186
#C7B88B,0.167967483401299,0.309791624546051,-0.15292564034462
#C34F74,-0.604123413562775,0.0894885361194611,0.0963549315929413
#C94E4B,-0.641375124454498,0.477458566427231,-0.0992133393883705
#CC4F1B,-0.419570952653885,0.717039108276367,-0.272146463394165
#CD26C7,-0.691204965114594,-0.0952299833297729,0.216853901743889
#D0B85A,0.241338267922401,0.482697874307632,-0.0592835396528244
#D5A9E4,-0.477106392383575,-0.132131576538086,0.315984636545181
#D5B811,0.27613240480423,0.648928046226501,0.0232206247746944
#DB1F9D,-0.782490611076355,0.0216068364679813,0.276782900094986
#E6A8B7,-0.409763097763062,0.169894739985466,0.212377652525902
#E31B73,-0.827098309993744,0.215776100754738,0.193666055798531
#E81A4B,-0.854705512523651,0.516633272171021,0.124680899083614
#EA1D1D,-0.794756948947906,0.73779708147049,-0.0272458381950855
#F1A78A,-0.215360254049301,0.397640824317932,0.0597219914197922
#F7A75A,-0.0578765608370304,0.656209468841553,-0.0453561954200268
#FBA714,0.0413989946246147,0.804781973361969,-0.0269722267985344
#FFFFFF,0.0779571831226349,0.250632494688034,1.08299171924591
