dim_0,dim_1,dim_2,worker_id,item,path
0.6411938,0.9710717,-0.9336048,3n7ggxph,fdfob,resources/fdfob.png
0.55045927,0.95586544,-0.91300386,3n7ggxph,fdfow,resources/fdfow.png
0.2907846,0.68660325,-0.63607013,3n7ggxph,fdfyb,resources/fdfyb.png
0.5820549,0.92660874,-0.8992642,3n7ggxph,fdfyw,resources/fdfyw.png
0.577646,1.0081034,-0.8230091,3n7ggxph,fdmob,resources/fdmob.png
0.79113567,0.4666237,-0.47598734,3n7ggxph,fdmow,resources/fdmow.png
0.5552974,0.95226115,-0.7913141,3n7ggxph,fdmyb,resources/fdmyb.png
0.7759976,0.6720446,-0.700775,3n7ggxph,fdmyw,resources/fdmyw.png
0.79703057,1.3811896,-1.2213233,3n7ggxph,fnfob,resources/fnfob.png
0.348584,0.78787875,-0.7771773,3n7ggxph,fnfow,resources/fnfow.png
0.13621019,0.46726656,-0.42038497,3n7ggxph,fnfyb,resources/fnfyb.png
0.19997185,0.7589472,-0.7294833,3n7ggxph,fnfyw,resources/fnfyw.png
0.59555227,1.1373587,-0.8338834,3n7ggxph,fnmob,resources/fnmob.png
0.97500396,0.7536532,-0.8510224,3n7ggxph,fnmow,resources/fnmow.png
0.8867368,0.854915,-1.0088725,3n7ggxph,fnmyb,resources/fnmyb.png
0.70858985,0.70024294,-0.69652104,3n7ggxph,fnmyw,resources/fnmyw.png
-0.42429444,-0.756916,0.37171495,3n7ggxph,pdcnb,resources/pdcnb.png
-0.49659538,-0.63650167,0.3611219,3n7ggxph,pdcns,resources/pdcns.png
-0.2422747,-0.8751335,1.0143218,3n7ggxph,pdcob,resources/pdcob.png
-0.6623062,-0.7303948,1.0250793,3n7ggxph,pdcos,resources/pdcos.png
-0.57419676,-0.7678528,0.11209333,3n7ggxph,pdhnb,resources/pdhnb.png
-0.4986305,-0.43293953,0.34624997,3n7ggxph,pdhns,resources/pdhns.png
-0.23715039,-0.8768123,0.9169759,3n7ggxph,pdhob,resources/pdhob.png
-0.7864551,-0.49201903,0.9949138,3n7ggxph,pdhos,resources/pdhos.png
-0.52819365,-0.8602813,0.4043445,3n7ggxph,pncnb,resources/pncnb.png
-0.5813042,-0.7541666,0.2925976,3n7ggxph,pncns,resources/pncns.png
-0.23169278,-0.89308035,0.99819666,3n7ggxph,pncob,resources/pncob.png
-0.5886566,-0.6910353,0.9285789,3n7ggxph,pncos,resources/pncos.png
-0.529815,-0.87661016,0.45486197,3n7ggxph,pnhnb,resources/pnhnb.png
-0.7064103,-0.38226712,0.57541883,3n7ggxph,pnhns,resources/pnhns.png
-0.69574845,-0.6650228,1.0159365,3n7ggxph,pnhob,resources/pnhob.png
-0.8202634,-0.4581012,1.0842389,3n7ggxph,pnhos,resources/pnhos.png
0.6520759,0.19263206,0.3902164,b5wma4no,fdfob,resources/fdfob.png
-0.24214453,-0.07705542,0.364056,b5wma4no,fdfow,resources/fdfow.png
0.32438925,0.2659195,0.07766618,b5wma4no,fdfyb,resources/fdfyb.png
0.33566332,0.23287602,0.03112314,b5wma4no,fdfyw,resources/fdfyw.png
0.59742117,-0.053702477,0.6284627,b5wma4no,fdmob,resources/fdmob.png
0.072927356,-0.18358786,0.64204973,b5wma4no,fdmow,resources/fdmow.png
0.4902132,0.26720792,0.007776539,b5wma4no,fdmyb,resources/fdmyb.png
0.45650017,0.25442567,0.5569311,b5wma4no,fdmyw,resources/fdmyw.png
0.1105748,0.5796658,1.0121979,b5wma4no,fnfob,resources/fnfob.png
0.41548225,-0.02720624,0.8675084,b5wma4no,fnfow,resources/fnfow.png
0.6060557,0.321245,0.115948394,b5wma4no,fnfyb,resources/fnfyb.png
0.24377073,0.25299552,-0.2761653,b5wma4no,fnfyw,resources/fnfyw.png
0.46900976,-0.023172097,0.80743694,b5wma4no,fnmob,resources/fnmob.png
0.5446064,-0.0358778,0.6772969,b5wma4no,fnmow,resources/fnmow.png
0.3692435,0.33192468,0.25135607,b5wma4no,fnmyb,resources/fnmyb.png
0.33202854,0.30211523,0.011655254,b5wma4no,fnmyw,resources/fnmyw.png
0.024838474,-0.012322748,-0.57854205,b5wma4no,pdcnb,resources/pdcnb.png
0.058566965,0.20657308,-0.54784286,b5wma4no,pdcns,resources/pdcns.png
-0.36029342,-0.18158859,-0.21099824,b5wma4no,pdcob,resources/pdcob.png
-0.37037235,-0.47493643,-0.17126547,b5wma4no,pdcos,resources/pdcos.png
-0.29975274,-0.06852022,-0.6397152,b5wma4no,pdhnb,resources/pdhnb.png
-0.09291136,-0.27639586,-0.4236033,b5wma4no,pdhns,resources/pdhns.png
-0.096975245,-0.27217826,-0.37530434,b5wma4no,pdhob,resources/pdhob.png
-0.5932663,-0.28260255,-0.62724364,b5wma4no,pdhos,resources/pdhos.png
-0.224293,-0.00953124,-0.20912126,b5wma4no,pncnb,resources/pncnb.png
-0.12064769,-0.07753694,-0.51837224,b5wma4no,pncns,resources/pncns.png
-0.5091853,-0.7608672,-0.13663831,b5wma4no,pncob,resources/pncob.png
-0.6105747,0.2747029,-0.2974766,b5wma4no,pncos,resources/pncos.png
-0.33478215,0.24411786,-0.28629538,b5wma4no,pnhnb,resources/pnhnb.png
-0.48785427,0.5521114,-0.8623631,b5wma4no,pnhns,resources/pnhns.png
-0.61629695,-0.022634687,0.006675384,b5wma4no,pnhob,resources/pnhob.png
-0.5197063,-0.61152697,-0.23830378,b5wma4no,pnhos,resources/pnhos.png
-0.5595529,-0.5260596,0.38603994,d8mmm1qn,fdfob,resources/fdfob.png
-0.2554149,-0.46960276,0.4075194,d8mmm1qn,fdfow,resources/fdfow.png
-0.4542591,-0.5519544,0.5917012,d8mmm1qn,fdfyb,resources/fdfyb.png
-0.30708212,-0.562714,0.45630985,d8mmm1qn,fdfyw,resources/fdfyw.png
0.21884693,-0.8707008,0.8739485,d8mmm1qn,fdmob,resources/fdmob.png
-0.35043076,-1.0122962,0.91814536,d8mmm1qn,fdmow,resources/fdmow.png
-0.6807114,-1.0655167,0.84655493,d8mmm1qn,fdmyb,resources/fdmyb.png
0.22793648,-0.76850307,0.77321464,d8mmm1qn,fdmyw,resources/fdmyw.png
-0.30260473,-0.55764014,0.45734093,d8mmm1qn,fnfob,resources/fnfob.png
-0.01586514,-0.6274491,0.59255475,d8mmm1qn,fnfow,resources/fnfow.png
0.09003425,-0.6001073,0.60477585,d8mmm1qn,fnfyb,resources/fnfyb.png
-0.08208252,-0.5638672,0.48824656,d8mmm1qn,fnfyw,resources/fnfyw.png
-0.38384768,-0.8957556,0.79090935,d8mmm1qn,fnmob,resources/fnmob.png
-0.35885018,-1.0745559,0.9786418,d8mmm1qn,fnmow,resources/fnmow.png
-0.34842733,-0.9487503,0.8508737,d8mmm1qn,fnmyb,resources/fnmyb.png
0.16163634,-0.80450445,0.79710084,d8mmm1qn,fnmyw,resources/fnmyw.png
0.5652014,0.76185566,-0.49821222,d8mmm1qn,pdcnb,resources/pdcnb.png
0.50350946,1.5169438,-1.3670344,d8mmm1qn,pdcns,resources/pdcns.png
0.70574945,0.70900196,-0.38526043,d8mmm1qn,pdcob,resources/pdcob.png
0.863762,1.1428497,-0.8272769,d8mmm1qn,pdcos,resources/pdcos.png
-0.42122093,0.7258638,-0.9150151,d8mmm1qn,pdhnb,resources/pdhnb.png
0.11272035,0.776812,-0.74523413,d8mmm1qn,pdhns,resources/pdhns.png
-0.30550668,0.84083873,-0.9928009,d8mmm1qn,pdhob,resources/pdhob.png
-0.10685869,0.93661255,-1.0059699,d8mmm1qn,pdhos,resources/pdhos.png
0.6752029,0.8993071,-0.61141384,d8mmm1qn,pncnb,resources/pncnb.png
0.2982414,0.936326,-0.8069232,d8mmm1qn,pncns,resources/pncns.png
0.81071925,1.092631,-0.8045502,d8mmm1qn,pncob,resources/pncob.png
0.5740928,1.0551944,-0.80571145,d8mmm1qn,pncos,resources/pncos.png
-0.31816265,1.060442,-1.2361623,d8mmm1qn,pnhnb,resources/pnhnb.png
0.33767942,0.73518455,-0.5891626,d8mmm1qn,pnhns,resources/pnhns.png
-0.22437958,0.90383357,-1.021462,d8mmm1qn,pnhob,resources/pnhob.png
-0.07146895,0.8722263,-0.92180526,d8mmm1qn,pnhos,resources/pnhos.png
-0.5005203,0.6741721,1.0210884,jn7bbjc0,fdfob,resources/fdfob.png
-0.48461476,0.44188103,0.25614262,jn7bbjc0,fdfow,resources/fdfow.png
-0.384418,0.5905608,0.5102698,jn7bbjc0,fdfyb,resources/fdfyb.png
-0.84047955,0.25517836,-0.4740256,jn7bbjc0,fdfyw,resources/fdfyw.png
-0.6420771,0.67782474,0.47197768,jn7bbjc0,fdmob,resources/fdmob.png
-0.3116818,0.34344095,0.14304191,jn7bbjc0,fdmow,resources/fdmow.png
-0.6795935,0.7511811,0.6022073,jn7bbjc0,fdmyb,resources/fdmyb.png
-0.5502526,0.5738835,0.35305473,jn7bbjc0,fdmyw,resources/fdmyw.png
-0.629506,0.88081414,0.68075085,jn7bbjc0,fnfob,resources/fnfob.png
-0.65967315,0.7314685,0.6282418,jn7bbjc0,fnfow,resources/fnfow.png
-0.47767815,0.5108192,0.30165434,jn7bbjc0,fnfyb,resources/fnfyb.png
-0.5862478,0.78100556,0.65689427,jn7bbjc0,fnfyw,resources/fnfyw.png
-0.47848973,0.5334722,0.32061338,jn7bbjc0,fnmob,resources/fnmob.png
-0.37029564,0.6773826,0.67932373,jn7bbjc0,fnmow,resources/fnmow.png
-0.72261083,0.77762413,0.6120028,jn7bbjc0,fnmyb,resources/fnmyb.png
-0.77897,0.79296887,0.60084015,jn7bbjc0,fnmyw,resources/fnmyw.png
0.47517112,-0.6155747,-0.42859307,jn7bbjc0,pdcnb,resources/pdcnb.png
0.56715536,-0.9263033,-0.895213,jn7bbjc0,pdcns,resources/pdcns.png
-0.05222183,-0.3315202,-0.4274541,jn7bbjc0,pdcob,resources/pdcob.png
-0.001362041,-0.4259749,-0.3819992,jn7bbjc0,pdcos,resources/pdcos.png
0.68823314,-0.5930448,-0.38453788,jn7bbjc0,pdhnb,resources/pdhnb.png
0.29601383,-0.60376674,-0.3608061,jn7bbjc0,pdhns,resources/pdhns.png
0.07846804,-0.35130557,-0.2720538,jn7bbjc0,pdhob,resources/pdhob.png
0.5401984,-0.54053056,-0.008864857,jn7bbjc0,pdhos,resources/pdhos.png
0.28632098,-0.6488771,-0.37501487,jn7bbjc0,pncnb,resources/pncnb.png
0.003767482,-0.69474685,-0.85908043,jn7bbjc0,pncns,resources/pncns.png
0.6821078,-0.8474702,-0.83265984,jn7bbjc0,pncob,resources/pncob.png
-0.034328826,-0.3906645,-0.581908,jn7bbjc0,pncos,resources/pncos.png
0.5171829,-0.561572,-0.26605046,jn7bbjc0,pnhnb,resources/pnhnb.png
0.9386487,-0.20362021,-0.26446006,jn7bbjc0,pnhns,resources/pnhns.png
0.7994104,-0.4591216,-0.23638228,jn7bbjc0,pnhob,resources/pnhob.png
0.85275215,-0.4597259,-0.24924228,jn7bbjc0,pnhos,resources/pnhos.png
-0.6165381,-0.81857044,0.9205962,pbby694o,fdfob,resources/fdfob.png
-0.48766813,-0.44704187,0.46092355,pbby694o,fdfow,resources/fdfow.png
-0.70207596,-0.9816504,1.032227,pbby694o,fdfyb,resources/fdfyb.png
-0.68490314,-0.9195388,0.9777557,pbby694o,fdfyw,resources/fdfyw.png
-0.8273048,-0.8414934,0.8150243,pbby694o,fdmob,resources/fdmob.png
-0.76443416,-0.83015394,0.8281669,pbby694o,fdmow,resources/fdmow.png
-0.6556264,-1.0400755,1.0688598,pbby694o,fdmyb,resources/fdmyb.png
-0.95880955,-1.1694025,0.9543539,pbby694o,fdmyw,resources/fdmyw.png
0.6808534,0.7455863,-0.67426234,pbby694o,fnfob,resources/fnfob.png
0.9751212,0.7285898,-0.62787986,pbby694o,fnfow,resources/fnfow.png
0.3246803,0.6163168,-0.6528777,pbby694o,fnfyb,resources/fnfyb.png
0.33261675,0.96038574,-1.0801057,pbby694o,fnfyw,resources/fnfyw.png
0.30905274,0.32160577,-0.16396119,pbby694o,fnmob,resources/fnmob.png
0.8776666,0.8407051,-0.7728704,pbby694o,fnmow,resources/fnmow.png
0.31128132,0.4380112,-0.34585947,pbby694o,fnmyb,resources/fnmyb.png
0.28803733,0.9050261,-1.0062722,pbby694o,fnmyw,resources/fnmyw.png
-0.65981275,-0.5809668,0.6256072,pbby694o,pdcnb,resources/pdcnb.png
-0.6040505,-0.57427895,0.6302272,pbby694o,pdcns,resources/pdcns.png
-0.18795943,-0.22993924,0.5959937,pbby694o,pdcob,resources/pdcob.png
-0.50167626,-0.5057737,0.64313304,pbby694o,pdcos,resources/pdcos.png
-0.68266976,-0.5838629,0.60211295,pbby694o,pdhnb,resources/pdhnb.png
-0.47382364,-0.37144044,0.22169545,pbby694o,pdhns,resources/pdhns.png
-1.4468565,-1.0327331,1.5189025,pbby694o,pdhob,resources/pdhob.png
-0.34589365,-0.36844108,0.51082534,pbby694o,pdhos,resources/pdhos.png
0.4131213,0.3937166,-0.23146713,pbby694o,pncnb,resources/pncnb.png
0.77031404,0.5660744,-0.44493824,pbby694o,pncns,resources/pncns.png
1.1236181,0.8420352,-0.72600013,pbby694o,pncob,resources/pncob.png
0.31689692,1.2388052,-1.3552593,pbby694o,pncos,resources/pncos.png
0.2592139,0.9531489,-1.0511807,pbby694o,pnhnb,resources/pnhnb.png
0.3416102,0.7122916,-0.7554043,pbby694o,pnhns,resources/pnhns.png
0.7100856,0.7448895,-0.6545748,pbby694o,pnhob,resources/pnhob.png
0.849249,0.86688507,-0.8211485,pbby694o,pnhos,resources/pnhos.png
-0.103490733,-0.394772381,0.224435404,sc2xbd6w,fdfob,resources/fdfob.png
-0.420389831,-0.180685207,0.38718012,sc2xbd6w,fdfow,resources/fdfow.png
-0.686167359,-0.056382049,0.602923036,sc2xbd6w,fdfyb,resources/fdfyb.png
-0.327223808,-0.410365641,0.456504107,sc2xbd6w,fdfyw,resources/fdfyw.png
-0.294309825,-0.443233669,0.352937937,sc2xbd6w,fdmob,resources/fdmob.png
-0.031534325,-0.480375707,0.473841161,sc2xbd6w,fdmow,resources/fdmow.png
-0.272209734,-0.454109699,0.325079262,sc2xbd6w,fdmyb,resources/fdmyb.png
-0.065235004,-0.478594959,0.372235,sc2xbd6w,fdmyw,resources/fdmyw.png
0.543724954,0.081335731,-0.538807273,sc2xbd6w,fnfob,resources/fnfob.png
0.406086713,0.120807253,-0.345562816,sc2xbd6w,fnfow,resources/fnfow.png
0.534811556,-0.139116332,-0.473277956,sc2xbd6w,fnfyb,resources/fnfyb.png
0.455784261,0.085567817,-0.472707689,sc2xbd6w,fnfyw,resources/fnfyw.png
0.685816288,0.053611722,-0.692779541,sc2xbd6w,fnmob,resources/fnmob.png
0.5224033,0.187124223,-0.531643093,sc2xbd6w,fnmow,resources/fnmow.png
0.385979831,0.329329014,-0.522342265,sc2xbd6w,fnmyb,resources/fnmyb.png
0.577839553,0.054001074,-0.568938434,sc2xbd6w,fnmyw,resources/fnmyw.png
-0.578302264,0.123618044,0.495704561,sc2xbd6w,pdcnb,resources/pdcnb.png
-0.568642676,0.06290333,0.483273536,sc2xbd6w,pdcns,resources/pdcns.png
-0.218290374,-0.469263524,0.397189051,sc2xbd6w,pdcob,resources/pdcob.png
-0.530347466,0.125676781,0.439544797,sc2xbd6w,pdcos,resources/pdcos.png
-0.456416577,0.08518362,0.420250952,sc2xbd6w,pdhnb,resources/pdhnb.png
-0.542156756,0.10573379,0.454274058,sc2xbd6w,pdhns,resources/pdhns.png
-0.688832462,-0.025854958,0.620491326,sc2xbd6w,pdhob,resources/pdhob.png
-0.405780673,0.060386743,0.385345936,sc2xbd6w,pdhos,resources/pdhos.png
0.240209192,0.249149531,-0.23893398,sc2xbd6w,pncnb,resources/pncnb.png
0.042234082,0.594449401,-0.288184643,sc2xbd6w,pncns,resources/pncns.png
0.42485407,0.105470195,-0.471818328,sc2xbd6w,pncob,resources/pncob.png
0.317530215,0.309236199,-0.436890721,sc2xbd6w,pncos,resources/pncos.png
0.283814847,0.372185141,-0.471833616,sc2xbd6w,pnhnb,resources/pnhnb.png
0.006005747,0.683130324,-0.29560554,sc2xbd6w,pnhns,resources/pnhns.png
0.295520604,0.175938874,-0.284134656,sc2xbd6w,pnhob,resources/pnhob.png
0.43797785,0.084986895,-0.437859237,sc2xbd6w,pnhos,resources/pnhos.png
