"","head","winner","loser","worker_id","rt","Center","Left","Right","Answer","sampleAlg","sampleSet"
"1",29,24,19,"3n7ggxph","3096","pnhns","pncnb","pdcos","pncnb","random","train"
"2",14,0,24,"3n7ggxph","1100","fnmyb","fdfob","pncnb","fdfob","random","train"
"3",30,19,24,"3n7ggxph","2616","pnhob","pncnb","pdcos","pdcos","random","train"
"4",17,12,13,"3n7ggxph","2629","pdcns","fnmow","fnmob","fnmob","validation","train"
"5",29,9,8,"3n7ggxph","2011","pnhns","fnfow","fnfob","fnfow","random","train"
"6",25,23,12,"3n7ggxph","1498","pncns","fnmob","pdhos","pdhos","random","train"
"7",3,11,19,"3n7ggxph","1469","fdfyw","pdcos","fnfyw","fnfyw","random","train"
"8",16,18,2,"3n7ggxph","1840","pdcnb","pdcob","fdfyb","pdcob","random","train"
"9",27,19,15,"3n7ggxph","1271","pncos","pdcos","fnmyw","pdcos","random","train"
"10",4,6,5,"3n7ggxph","1180","fdmob","fdmyb","fdmow","fdmyb","validation","train"
"11",15,9,30,"3n7ggxph","1363","fnmyw","pnhob","fnfow","fnfow","random","train"
"12",14,28,31,"3n7ggxph","1879","fnmyb","pnhos","pnhnb","pnhnb","validation","train"
"13",25,20,31,"3n7ggxph","2077","pncns","pnhos","pdhnb","pdhnb","random","train"
"14",2,10,17,"3n7ggxph","1163","fdfyb","fnfyb","pdcns","fnfyb","random","train"
"15",8,4,22,"3n7ggxph","1225","fnfob","fdmob","pdhob","fdmob","random","train"
"16",19,28,3,"3n7ggxph","1727","pdcos","pnhnb","fdfyw","pnhnb","random","train"
"17",1,22,26,"3n7ggxph","1497","fdfow","pdhob","pncob","pdhob","random","train"
"18",26,11,20,"3n7ggxph","1815","pncob","pdhnb","fnfyw","fnfyw","random","train"
"19",17,24,26,"3n7ggxph","2555","pdcns","pncnb","pncob","pncnb","random","train"
"20",4,6,8,"3n7ggxph","2211","fdmob","fnfob","fdmyb","fdmyb","random","train"
"21",3,18,27,"3n7ggxph","2454","fdfyw","pdcob","pncos","pdcob","random","train"
"22",5,5,26,"3n7ggxph","1033","fdmow","fdmow","pncob","fdmow","check",NA
"23",6,7,27,"3n7ggxph","1317","fdmyb","pncos","fdmyw","fdmyw","random","train"
"24",14,30,19,"3n7ggxph","2855","fnmyb","pdcos","pnhob","pnhob","random","train"
"25",29,26,22,"3n7ggxph","1851","pnhns","pdhob","pncob","pncob","random","test"
"26",24,22,4,"3n7ggxph","1160","pncnb","pdhob","fdmob","pdhob","random","train"
"27",22,18,29,"3n7ggxph","2000","pdhob","pdcob","pnhns","pdcob","validation","train"
"28",18,27,21,"3n7ggxph","1497","pdcob","pncos","pdhns","pncos","random","train"
"29",18,26,3,"3n7ggxph","1293","pdcob","pncob","fdfyw","pncob","random","train"
"30",14,13,2,"3n7ggxph","2024","fnmyb","fnmow","fdfyb","fnmow","random","train"
"31",3,5,19,"3n7ggxph","1682","fdfyw","pdcos","fdmow","fdmow","random","train"
"32",14,0,17,"3n7ggxph","1339","fnmyb","fdfob","pdcns","fdfob","validation","train"
"33",17,0,1,"3n7ggxph","2480","pdcns","fdfob","fdfow","fdfob","random","train"
"34",0,14,5,"3n7ggxph","1738","fdfob","fdmow","fnmyb","fnmyb","random","train"
"35",24,29,13,"3n7ggxph","1948","pncnb","fnmow","pnhns","pnhns","random","test"
"36",8,25,16,"3n7ggxph","1867","fnfob","pncns","pdcnb","pncns","random","train"
"37",6,0,23,"3n7ggxph","1297","fdmyb","pdhos","fdfob","fdfob","validation","train"
"38",25,30,3,"3n7ggxph","2159","pncns","fdfyw","pnhob","pnhob","random","train"
"39",6,7,13,"3n7ggxph","1880","fdmyb","fnmow","fdmyw","fdmyw","random","train"
"40",11,0,27,"3n7ggxph","1901","fnfyw","pncos","fdfob","fdfob","random","train"
"41",24,22,13,"3n7ggxph","2244","pncnb","pdhob","fnmow","pdhob","validation","train"
"42",29,27,18,"3n7ggxph","2048","pnhns","pdcob","pncos","pncos","random","train"
"43",4,1,30,"3n7ggxph","1632","fdmob","fdfow","pnhob","fdfow","validation","train"
"44",15,8,17,"3n7ggxph","2172","fnmyw","pdcns","fnfob","fnfob","random","train"
"45",27,19,18,"3n7ggxph","2112","pncos","pdcob","pdcos","pdcos","random","train"
"46",15,24,27,"3n7ggxph","1938","fnmyw","pncnb","pncos","pncnb","random","train"
"47",27,23,22,"3n7ggxph","1955","pncos","pdhos","pdhob","pdhos","random","train"
"48",5,15,20,"3n7ggxph","1305","fdmow","pdhnb","fnmyw","fnmyw","validation","train"
"49",20,19,0,"3n7ggxph","1323","pdhnb","fdfob","pdcos","pdcos","random","train"
"50",27,18,23,"3n7ggxph","1829","pncos","pdhos","pdcob","pdcob","random","train"
"51",17,10,13,"3n7ggxph","2081","pdcns","fnmow","fnfyb","fnfyb","random","train"
"52",11,11,23,"3n7ggxph","1022","fnfyw","fnfyw","pdhos","fnfyw","check",NA
"53",12,14,29,"3n7ggxph","1386","fnmob","fnmyb","pnhns","fnmyb","random","train"
"54",22,5,11,"3n7ggxph","1749","pdhob","fdmow","fnfyw","fdmow","random","train"
"55",3,8,30,"3n7ggxph","1335","fdfyw","fnfob","pnhob","fnfob","random","test"
"56",5,1,22,"3n7ggxph","1373","fdmow","pdhob","fdfow","fdfow","random","train"
"57",24,6,4,"3n7ggxph","1830","pncnb","fdmyb","fdmob","fdmyb","random","train"
"58",16,28,2,"3n7ggxph","1696","pdcnb","fdfyb","pnhnb","pnhnb","random","train"
"59",25,28,22,"3n7ggxph","2207","pncns","pnhnb","pdhob","pnhnb","random","train"
"60",15,2,16,"3n7ggxph","1287","fnmyw","pdcnb","fdfyb","fdfyb","random","train"
"61",25,10,6,"3n7ggxph","1716","pncns","fnfyb","fdmyb","fnfyb","random","train"
"62",10,13,31,"3n7ggxph","1001","fnfyb","pnhos","fnmow","fnmow","random","train"
"63",24,17,9,"3n7ggxph","1302","pncnb","pdcns","fnfow","pdcns","random","train"
"64",31,19,6,"3n7ggxph","1031","pnhos","fdmyb","pdcos","pdcos","random","train"
"65",31,22,8,"3n7ggxph","987","pnhos","fnfob","pdhob","pdhob","random","train"
"66",6,20,28,"3n7ggxph","2621","fdmyb","pdhnb","pnhnb","pdhnb","random","train"
"67",30,16,8,"3n7ggxph","1624","pnhob","pdcnb","fnfob","pdcnb","random","train"
"68",14,11,19,"3n7ggxph","1988","fnmyb","fnfyw","pdcos","fnfyw","random","train"
"69",28,13,8,"3n7ggxph","2913","pnhnb","fnmow","fnfob","fnmow","random","train"
"70",21,11,13,"3n7ggxph","1756","pdhns","fnfyw","fnmow","fnfyw","random","train"
"71",30,27,5,"3n7ggxph","1071","pnhob","pncos","fdmow","pncos","random","test"
"72",30,10,14,"3n7ggxph","2685","pnhob","fnmyb","fnfyb","fnfyb","random","train"
"73",27,29,2,"3n7ggxph","778","pncos","pnhns","fdfyb","pnhns","random","train"
"74",23,2,13,"3n7ggxph","1177","pdhos","fnmow","fdfyb","fdfyb","random","train"
"75",13,8,18,"3n7ggxph","924","fnmow","pdcob","fnfob","fnfob","random","train"
"76",2,10,13,"3n7ggxph","1581","fdfyb","fnfyb","fnmow","fnfyb","random","train"
"77",3,11,8,"3n7ggxph","1232","fdfyw","fnfob","fnfyw","fnfyw","random","test"
"78",3,12,16,"3n7ggxph","1508","fdfyw","pdcnb","fnmob","fnmob","random","train"
"79",6,10,17,"3n7ggxph","2307","fdmyb","pdcns","fnfyb","fnfyb","validation","train"
"80",20,31,18,"3n7ggxph","2379","pdhnb","pdcob","pnhos","pnhos","random","test"
"81",16,20,4,"3n7ggxph","1524","pdcnb","pdhnb","fdmob","pdhnb","validation","train"
"82",22,27,25,"3n7ggxph","1928","pdhob","pncns","pncos","pncos","random","train"
"83",22,18,19,"3n7ggxph","2158","pdhob","pdcob","pdcos","pdcob","random","train"
"84",8,9,22,"3n7ggxph","1763","fnfob","fnfow","pdhob","fnfow","random","train"
"85",5,7,11,"3n7ggxph","1545","fdmow","fdmyw","fnfyw","fdmyw","validation","train"
"86",6,13,21,"3n7ggxph","1811","fdmyb","fnmow","pdhns","fnmow","random","train"
"87",23,17,8,"3n7ggxph","1872","pdhos","fnfob","pdcns","pdcns","random","train"
"88",14,8,30,"3n7ggxph","2263","fnmyb","fnfob","pnhob","fnfob","random","test"
"89",31,3,7,"3n7ggxph","8016","pnhos","fdmyw","fdfyw","fdfyw","random","test"
"90",9,2,12,"3n7ggxph","3374","fnfow","fdfyb","fnmob","fdfyb","random","train"
"91",8,27,24,"3n7ggxph","1765","fnfob","pncnb","pncos","pncos","random","train"
"92",0,18,29,"3n7ggxph","1369","fdfob","pdcob","pnhns","pdcob","random","test"
"93",24,20,29,"3n7ggxph","1899","pncnb","pnhns","pdhnb","pdhnb","random","train"
"94",12,4,14,"3n7ggxph","1673","fnmob","fdmob","fnmyb","fdmob","validation","train"
"95",19,21,9,"3n7ggxph","1752","pdcos","fnfow","pdhns","pdhns","random","train"
"96",26,19,15,"3n7ggxph","2200","pncob","pdcos","fnmyw","pdcos","random","train"
"97",6,13,10,"3n7ggxph","1892","fdmyb","fnmow","fnfyb","fnmow","random","train"
"98",19,18,5,"3n7ggxph","1312","pdcos","pdcob","fdmow","pdcob","random","train"
"99",23,31,21,"3n7ggxph","1973","pdhos","pnhos","pdhns","pnhos","random","train"
"100",9,1,10,"3n7ggxph","1364","fnfow","fdfow","fnfyb","fdfow","random","train"
"101",18,23,9,"3n7ggxph","2879","pdcob","fnfow","pdhos","pdhos","random","train"
"102",8,12,5,"3n7ggxph","1739","fnfob","fdmow","fnmob","fnmob","random","train"
"103",28,27,13,"3n7ggxph","1137","pnhnb","fnmow","pncos","pncos","validation","train"
"104",17,16,31,"3n7ggxph","1908","pdcns","pdcnb","pnhos","pdcnb","random","train"
"105",16,22,30,"3n7ggxph","4021","pdcnb","pdhob","pnhob","pdhob","random","train"
"106",13,15,2,"3n7ggxph","1219","fnmow","fnmyw","fdfyb","fnmyw","random","train"
"107",2,7,25,"3n7ggxph","1390","fdfyb","pncns","fdmyw","fdmyw","random","train"
"108",29,27,9,"3n7ggxph","1531","pnhns","pncos","fnfow","pncos","random","train"
"109",17,26,6,"3n7ggxph","995","pdcns","fdmyb","pncob","pncob","random","train"
"110",4,7,10,"3n7ggxph","1459","fdmob","fdmyw","fnfyb","fdmyw","random","test"
"111",17,11,5,"3n7ggxph","1915","pdcns","fnfyw","fdmow","fnfyw","random","train"
"112",15,7,13,"3n7ggxph","1628","fnmyw","fnmow","fdmyw","fdmyw","random","train"
"113",24,22,14,"3n7ggxph","1255","pncnb","pdhob","fnmyb","pdhob","random","train"
"114",5,15,30,"3n7ggxph","1091","fdmow","pnhob","fnmyw","fnmyw","random","train"
"115",29,22,6,"3n7ggxph","1452","pnhns","fdmyb","pdhob","pdhob","random","train"
"116",21,17,24,"3n7ggxph","1545","pdhns","pncnb","pdcns","pdcns","random","train"
"117",7,13,1,"3n7ggxph","1497","fdmyw","fnmow","fdfow","fnmow","random","test"
"118",10,2,22,"3n7ggxph","1162","fnfyb","fdfyb","pdhob","fdfyb","random","train"
"119",15,10,19,"3n7ggxph","1389","fnmyw","fnfyb","pdcos","fnfyb","random","train"
"120",25,23,14,"3n7ggxph","1039","pncns","pdhos","fnmyb","pdhos","random","train"
"121",29,23,22,"3n7ggxph","1440","pnhns","pdhob","pdhos","pdhos","random","train"
"122",15,31,16,"3n7ggxph","1877","fnmyw","pnhos","pdcnb","pnhos","validation","train"
"123",2,10,17,"3n7ggxph","1199","fdfyb","pdcns","fnfyb","fnfyb","random","train"
"124",26,18,15,"3n7ggxph","1327","pncob","pdcob","fnmyw","pdcob","random","train"
"125",21,22,11,"3n7ggxph","1594","pdhns","pdhob","fnfyw","pdhob","random","train"
"126",10,6,16,"3n7ggxph","1625","fnfyb","fdmyb","pdcnb","fdmyb","validation","train"
"127",12,6,17,"3n7ggxph","1425","fnmob","fdmyb","pdcns","fdmyb","random","train"
"128",11,1,30,"3n7ggxph","1158","fnfyw","pnhob","fdfow","fdfow","random","train"
"129",26,26,3,"3n7ggxph","1543","pncob","fdfyw","pncob","pncob","check",NA
"130",31,29,0,"3n7ggxph","1416","pnhos","fdfob","pnhns","pnhns","random","train"
"131",18,24,12,"3n7ggxph","1556","pdcob","fnmob","pncnb","pncnb","random","train"
"132",19,19,24,"3n7ggxph","1803","pdcos","pncnb","pdcos","pdcos","check",NA
"133",30,13,3,"3n7ggxph","1673","pnhob","fnmow","fdfyw","fnmow","random","train"
"134",24,26,1,"3n7ggxph","1100","pncnb","fdfow","pncob","pncob","random","train"
"135",30,9,12,"3n7ggxph","1847","pnhob","fnfow","fnmob","fnfow","random","train"
"136",19,28,11,"3n7ggxph","1087","pdcos","fnfyw","pnhnb","pnhnb","random","train"
"137",30,17,10,"3n7ggxph","1361","pnhob","pdcns","fnfyb","pdcns","random","train"
"138",1,0,10,"3n7ggxph","1401","fdfow","fnfyb","fdfob","fdfob","random","train"
"139",28,29,11,"3n7ggxph","1101","pnhnb","pnhns","fnfyw","pnhns","random","train"
"140",4,6,18,"3n7ggxph","1246","fdmob","fdmyb","pdcob","fdmyb","random","train"
"141",13,13,23,"3n7ggxph","883","fnmow","pdhos","fnmow","fnmow","check",NA
"142",1,0,29,"3n7ggxph","1036","fdfow","pnhns","fdfob","fdfob","random","test"
"143",7,13,6,"3n7ggxph","1490","fdmyw","fnmow","fdmyb","fnmow","random","train"
"144",24,28,23,"3n7ggxph","1066","pncnb","pdhos","pnhnb","pnhnb","random","train"
"145",31,23,18,"3n7ggxph","1307","pnhos","pdcob","pdhos","pdhos","random","train"
"146",7,2,10,"3n7ggxph","2072","fdmyw","fdfyb","fnfyb","fdfyb","random","train"
"147",23,29,20,"3n7ggxph","1129","pdhos","pnhns","pdhnb","pnhns","random","train"
"148",16,21,31,"3n7ggxph","2644","pdcnb","pdhns","pnhos","pdhns","random","train"
"149",6,9,24,"3n7ggxph","1283","fdmyb","pncnb","fnfow","fnfow","random","train"
"150",28,28,17,"3n7ggxph","1978","pnhnb","pnhnb","pdcns","pnhnb","check",NA
"151",21,3,8,"3n7ggxph","1862","pdhns","fnfob","fdfyw","fdfyw","random","train"
"152",15,6,24,"3n7ggxph","1795","fnmyw","pncnb","fdmyb","fdmyb","random","train"
"153",25,16,31,"3n7ggxph","1666","pncns","pdcnb","pnhos","pdcnb","random","train"
"154",21,7,6,"3n7ggxph","1704","pdhns","fdmyb","fdmyw","fdmyw","random","train"
"155",16,24,3,"3n7ggxph","1090","pdcnb","fdfyw","pncnb","pncnb","random","train"
"156",11,30,18,"3n7ggxph","1493","fnfyw","pdcob","pnhob","pnhob","random","train"
"157",25,29,2,"3n7ggxph","1036","pncns","pnhns","fdfyb","pnhns","random","train"
"158",6,11,30,"3n7ggxph","1075","fdmyb","fnfyw","pnhob","fnfyw","random","test"
"159",29,21,28,"3n7ggxph","1412","pnhns","pnhnb","pdhns","pdhns","random","train"
"160",24,26,18,"3n7ggxph","1875","pncnb","pncob","pdcob","pncob","random","train"
"161",3,11,23,"3n7ggxph","1094","fdfyw","pdhos","fnfyw","fnfyw","random","train"
"162",17,16,18,"3n7ggxph","1112","pdcns","pdcob","pdcnb","pdcnb","validation","train"
"163",15,0,31,"3n7ggxph","1666","fnmyw","fdfob","pnhos","fdfob","random","train"
"164",26,20,4,"3n7ggxph","1124","pncob","pdhnb","fdmob","pdhnb","random","train"
"165",5,10,25,"3n7ggxph","1256","fdmow","pncns","fnfyb","fnfyb","random","train"
"166",11,22,19,"3n7ggxph","1999","fnfyw","pdcos","pdhob","pdhob","random","train"
"167",18,26,20,"3n7ggxph","1114","pdcob","pdhnb","pncob","pncob","random","train"
"168",23,24,13,"3n7ggxph","859","pdhos","pncnb","fnmow","pncnb","validation","train"
"169",0,17,30,"3n7ggxph","1403","fdfob","pdcns","pnhob","pdcns","random","train"
"170",23,6,13,"3n7ggxph","1553","pdhos","fdmyb","fnmow","fdmyb","random","train"
"171",30,17,4,"3n7ggxph","1426","pnhob","fdmob","pdcns","pdcns","random","train"
"172",2,15,26,"3n7ggxph","1776","fdfyb","pncob","fnmyw","fnmyw","random","train"
"173",13,2,28,"3n7ggxph","1751","fnmow","pnhnb","fdfyb","fdfyb","random","train"
"174",31,23,24,"3n7ggxph","2108","pnhos","pncnb","pdhos","pdhos","random","train"
"175",22,17,14,"3n7ggxph","1885","pdhob","fnmyb","pdcns","pdcns","random","train"
"176",4,10,16,"3n7ggxph","1479","fdmob","fnfyb","pdcnb","fnfyb","random","train"
"177",1,3,13,"3n7ggxph","1518","fdfow","fdfyw","fnmow","fdfyw","random","train"
"178",0,1,11,"3n7ggxph","2517","fdfob","fnfyw","fdfow","fdfow","random","train"
"179",11,9,7,"3n7ggxph","2108","fnfyw","fdmyw","fnfow","fnfow","random","train"
"180",30,21,1,"3n7ggxph","1665","pnhob","pdhns","fdfow","pdhns","random","train"
"181",29,21,0,"3n7ggxph","1689","pnhns","pdhns","fdfob","pdhns","random","train"
"182",9,6,31,"3n7ggxph","1774","fnfow","fdmyb","pnhos","fdmyb","random","train"
"183",20,7,1,"3n7ggxph","1762","pdhnb","fdmyw","fdfow","fdmyw","random","train"
"184",18,31,0,"3n7ggxph","1666","pdcob","fdfob","pnhos","pnhos","validation","train"
"185",5,21,22,"3n7ggxph","2078","fdmow","pdhob","pdhns","pdhns","random","train"
"186",30,19,2,"3n7ggxph","1524","pnhob","pdcos","fdfyb","pdcos","random","train"
"187",3,18,30,"3n7ggxph","1420","fdfyw","pdcob","pnhob","pdcob","random","train"
"188",27,28,15,"3n7ggxph","1367","pncos","fnmyw","pnhnb","pnhnb","random","train"
"189",23,19,17,"3n7ggxph","1409","pdhos","pdcns","pdcos","pdcos","random","train"
"190",19,29,2,"3n7ggxph","1587","pdcos","fdfyb","pnhns","pnhns","random","train"
"191",13,3,27,"3n7ggxph","1459","fnmow","pncos","fdfyw","fdfyw","random","train"
"192",28,23,11,"3n7ggxph","3275","pnhnb","pdhos","fnfyw","pdhos","random","train"
"193",2,19,26,"3n7ggxph","1562","fdfyb","pncob","pdcos","pdcos","random","train"
"194",11,1,18,"3n7ggxph","1400","fnfyw","pdcob","fdfow","fdfow","random","train"
"195",21,5,11,"3n7ggxph","1447","pdhns","fdmow","fnfyw","fdmow","random","test"
"196",15,13,1,"3n7ggxph","1464","fnmyw","fdfow","fnmow","fnmow","random","test"
"197",25,26,0,"3n7ggxph","1226","pncns","fdfob","pncob","pncob","random","train"
"198",14,16,22,"3n7ggxph","2341","fnmyb","pdhob","pdcnb","pdcnb","random","train"
"199",11,8,29,"3n7ggxph","1605","fnfyw","pnhns","fnfob","fnfob","random","train"
"200",26,18,19,"3n7ggxph","1816","pncob","pdcos","pdcob","pdcob","random","train"
"201",2,12,23,"3n7ggxph","1710","fdfyb","fnmob","pdhos","fnmob","random","train"
"202",7,4,22,"3n7ggxph","1711","fdmyw","fdmob","pdhob","fdmob","random","train"
"203",31,23,7,"3n7ggxph","2497","pnhos","fdmyw","pdhos","pdhos","random","train"
"204",24,28,0,"3n7ggxph","2234","pncnb","fdfob","pnhnb","pnhnb","random","train"
"205",3,3,27,"3n7ggxph","1711","fdfyw","fdfyw","pncos","fdfyw","check",NA
"206",7,15,10,"3n7ggxph","1928","fdmyw","fnfyb","fnmyw","fnmyw","random","train"
"207",3,14,23,"3n7ggxph","1417","fdfyw","fnmyb","pdhos","fnmyb","random","train"
"208",2,15,16,"3n7ggxph","1498","fdfyb","fnmyw","pdcnb","fnmyw","random","train"
"209",18,26,27,"3n7ggxph","1821","pdcob","pncob","pncos","pncob","random","train"
"210",4,0,8,"3n7ggxph","2377","fdmob","fnfob","fdfob","fdfob","random","train"
"211",30,13,1,"3n7ggxph","1837","pnhob","fnmow","fdfow","fnmow","random","train"
"212",17,30,0,"3n7ggxph","1537","pdcns","fdfob","pnhob","pnhob","random","train"
"213",23,30,3,"3n7ggxph","1895","pdhos","fdfyw","pnhob","pnhob","random","train"
"214",21,29,4,"3n7ggxph","1694","pdhns","pnhns","fdmob","pnhns","random","test"
"215",22,2,14,"3n7ggxph","1816","pdhob","fnmyb","fdfyb","fdfyb","random","train"
"216",6,6,21,"3n7ggxph","1873","fdmyb","fdmyb","pdhns","fdmyb","check",NA
"217",10,2,24,"3n7ggxph","1920","fnfyb","fdfyb","pncnb","fdfyb","random","train"
"218",6,21,18,"3n7ggxph","1909","fdmyb","pdhns","pdcob","pdhns","random","train"
"219",6,18,24,"3n7ggxph","2546","fdmyb","pdcob","pncnb","pdcob","random","train"
"220",11,2,7,"3n7ggxph","2263","fnfyw","fdfyb","fdmyw","fdfyb","random","train"
"221",26,5,0,"3n7ggxph","3451","pncob","fdfob","fdmow","fdmow","random","train"
"222",8,9,23,"3n7ggxph","1838","fnfob","fnfow","pdhos","fnfow","random","train"
"223",24,19,6,"3n7ggxph","1903","pncnb","pdcos","fdmyb","pdcos","validation","train"
"224",20,6,9,"3n7ggxph","1824","pdhnb","fdmyb","fnfow","fdmyb","random","train"
"225",7,16,23,"3n7ggxph","1756","fdmyw","pdhos","pdcnb","pdcnb","random","train"
"226",23,27,16,"3n7ggxph","2573","pdhos","pdcnb","pncos","pncos","random","train"
"227",19,22,21,"3n7ggxph","2154","pdcos","pdhns","pdhob","pdhob","random","train"
"228",2,12,22,"3n7ggxph","1623","fdfyb","fnmob","pdhob","fnmob","random","train"
"229",0,0,4,"3n7ggxph","1539","fdfob","fdfob","fdmob","fdfob","check",NA
"230",16,16,12,"3n7ggxph","1266","pdcnb","pdcnb","fnmob","pdcnb","check",NA
"231",4,0,28,"b5wma4no","13365","fdmob","fdfob","pnhnb","fdfob","random","train"
"232",13,4,28,"b5wma4no","1670","fnmow","fdmob","pnhnb","fdmob","random","train"
"233",15,3,19,"b5wma4no","3537","fnmyw","pdcos","fdfyw","fdfyw","random","train"
"234",26,26,28,"b5wma4no","5546","pncob","pncob","pnhnb","pncob","check",NA
"235",12,24,23,"b5wma4no","8157","fnmob","pdhos","pncnb","pncnb","random","train"
"236",5,4,11,"b5wma4no","4991","fdmow","fnfyw","fdmob","fdmob","random","train"
"237",12,14,22,"b5wma4no","2071","fnmob","fnmyb","pdhob","fnmyb","random","test"
"238",6,0,27,"b5wma4no","3838","fdmyb","fdfob","pncos","fdfob","random","train"
"239",14,7,19,"b5wma4no","2318","fnmyb","pdcos","fdmyw","fdmyw","random","train"
"240",15,24,23,"b5wma4no","3690","fnmyw","pncnb","pdhos","pncnb","random","train"
"241",11,27,18,"b5wma4no","5118","fnfyw","pncos","pdcob","pncos","random","test"
"242",26,4,7,"b5wma4no","4210","pncob","fdmyw","fdmob","fdmob","random","train"
"243",9,11,28,"b5wma4no","7851","fnfow","fnfyw","pnhnb","fnfyw","random","test"
"244",1,19,20,"b5wma4no","2408","fdfow","pdcos","pdhnb","pdcos","random","train"
"245",18,22,4,"b5wma4no","1201","pdcob","fdmob","pdhob","pdhob","random","train"
"246",4,6,5,"b5wma4no","4808","fdmob","fdmyb","fdmow","fdmyb","validation","train"
"247",14,9,31,"b5wma4no","1375","fnmyb","fnfow","pnhos","fnfow","random","train"
"248",26,12,29,"b5wma4no","1384","pncob","pnhns","fnmob","fnmob","random","train"
"249",16,3,8,"b5wma4no","1747","pdcnb","fdfyw","fnfob","fdfyw","random","train"
"250",3,6,8,"b5wma4no","5435","fdfyw","fdmyb","fnfob","fdmyb","random","train"
"251",15,16,31,"b5wma4no","6068","fnmyw","pnhos","pdcnb","pdcnb","validation","train"
"252",2,1,26,"b5wma4no","2493","fdfyb","fdfow","pncob","fdfow","random","train"
"253",25,15,0,"b5wma4no","1977","pncns","fnmyw","fdfob","fnmyw","random","train"
"254",21,31,8,"b5wma4no","1724","pdhns","pnhos","fnfob","pnhos","random","train"
"255",23,11,10,"b5wma4no","4970","pdhos","fnfyw","fnfyb","fnfyw","random","test"
"256",14,0,27,"b5wma4no","2079","fnmyb","fdfob","pncos","fdfob","random","train"
"257",29,20,18,"b5wma4no","2321","pnhns","pdcob","pdhnb","pdhnb","random","train"
"258",30,31,26,"b5wma4no","4142","pnhob","pnhos","pncob","pnhos","random","train"
"259",14,14,23,"b5wma4no","1940","fnmyb","pdhos","fnmyb","fnmyb","check",NA
"260",28,22,7,"b5wma4no","2286","pnhnb","pdhob","fdmyw","pdhob","random","train"
"261",28,24,10,"b5wma4no","1336","pnhnb","fnfyb","pncnb","pncnb","random","train"
"262",29,15,19,"b5wma4no","2798","pnhns","fnmyw","pdcos","fnmyw","random","train"
"263",4,28,29,"b5wma4no","2414","fdmob","pnhns","pnhnb","pnhnb","random","train"
"264",4,11,28,"b5wma4no","3547","fdmob","fnfyw","pnhnb","fnfyw","random","train"
"265",19,25,16,"b5wma4no","3471","pdcos","pdcnb","pncns","pncns","random","train"
"266",31,16,0,"b5wma4no","1266","pnhos","fdfob","pdcnb","pdcnb","random","train"
"267",13,23,20,"b5wma4no","2432","fnmow","pdhos","pdhnb","pdhos","random","train"
"268",23,17,9,"b5wma4no","3200","pdhos","pdcns","fnfow","pdcns","random","train"
"269",9,10,24,"b5wma4no","2535","fnfow","pncnb","fnfyb","fnfyb","random","train"
"270",11,2,19,"b5wma4no","1857","fnfyw","pdcos","fdfyb","fdfyb","random","train"
"271",27,30,4,"b5wma4no","1746","pncos","fdmob","pnhob","pnhob","random","train"
"272",27,1,12,"b5wma4no","4568","pncos","fnmob","fdfow","fdfow","random","train"
"273",21,14,8,"b5wma4no","4553","pdhns","fnfob","fnmyb","fnmyb","random","train"
"274",26,31,23,"b5wma4no","1441","pncob","pdhos","pnhos","pnhos","random","train"
"275",2,2,23,"b5wma4no","1158","fdfyb","pdhos","fdfyb","fdfyb","check",NA
"276",12,24,29,"b5wma4no","2821","fnmob","pncnb","pnhns","pncnb","random","train"
"277",12,9,7,"b5wma4no","3385","fnmob","fdmyw","fnfow","fnfow","random","train"
"278",15,2,21,"b5wma4no","2600","fnmyw","fdfyb","pdhns","fdfyb","random","train"
"279",29,23,22,"b5wma4no","2618","pnhns","pdhob","pdhos","pdhos","random","train"
"280",29,16,14,"b5wma4no","4244","pnhns","pdcnb","fnmyb","pdcnb","random","train"
"281",16,23,9,"b5wma4no","2056","pdcnb","fnfow","pdhos","pdhos","random","train"
"282",22,31,26,"b5wma4no","2707","pdhob","pncob","pnhos","pnhos","random","test"
"283",10,6,23,"b5wma4no","1298","fnfyb","pdhos","fdmyb","fdmyb","random","train"
"284",23,24,10,"b5wma4no","1269","pdhos","fnfyb","pncnb","pncnb","random","train"
"285",9,23,16,"b5wma4no","3000","fnfow","pdhos","pdcnb","pdhos","random","train"
"286",6,17,9,"b5wma4no","3115","fdmyb","pdcns","fnfow","pdcns","random","train"
"287",25,21,10,"b5wma4no","2747","pncns","pdhns","fnfyb","pdhns","random","train"
"288",8,0,3,"b5wma4no","5930","fnfob","fdfob","fdfyw","fdfob","random","test"
"289",17,13,12,"b5wma4no","4170","pdcns","fnmow","fnmob","fnmow","validation","train"
"290",14,10,29,"b5wma4no","1724","fnmyb","pnhns","fnfyb","fnfyb","random","test"
"291",7,25,19,"b5wma4no","2787","fdmyw","pncns","pdcos","pncns","random","train"
"292",6,18,31,"b5wma4no","6731","fdmyb","pdcob","pnhos","pdcob","random","train"
"293",18,29,9,"b5wma4no","2219","pdcob","fnfow","pnhns","pnhns","random","train"
"294",9,9,21,"b5wma4no","905","fnfow","pdhns","fnfow","fnfow","check",NA
"295",20,6,4,"b5wma4no","1039","pdhnb","fdmyb","fdmob","fdmyb","random","train"
"296",27,27,7,"b5wma4no","1252","pncos","pncos","fdmyw","pncos","check",NA
"297",18,31,0,"b5wma4no","983","pdcob","fdfob","pnhos","pnhos","validation","train"
"298",12,13,20,"b5wma4no","1883","fnmob","pdhnb","fnmow","fnmow","random","train"
"299",10,11,1,"b5wma4no","2064","fnfyb","fnfyw","fdfow","fnfyw","random","train"
"300",31,27,8,"b5wma4no","1424","pnhos","pncos","fnfob","pncos","random","test"
"301",16,25,31,"b5wma4no","1040","pdcnb","pncns","pnhos","pncns","random","train"
"302",11,22,19,"b5wma4no","2904","fnfyw","pdhob","pdcos","pdhob","random","train"
"303",2,22,18,"b5wma4no","3151","fdfyb","pdcob","pdhob","pdhob","random","test"
"304",28,19,12,"b5wma4no","3929","pnhnb","pdcos","fnmob","pdcos","random","train"
"305",4,18,29,"b5wma4no","2878","fdmob","pnhns","pdcob","pdcob","random","train"
"306",11,3,0,"b5wma4no","1750","fnfyw","fdfob","fdfyw","fdfyw","random","train"
"307",7,7,31,"b5wma4no","1192","fdmyw","pnhos","fdmyw","fdmyw","check",NA
"308",18,18,9,"b5wma4no","970","pdcob","pdcob","fnfow","pdcob","check",NA
"309",3,20,26,"b5wma4no","1248","fdfyw","pdhnb","pncob","pdhnb","random","train"
"310",10,2,29,"b5wma4no","782","fnfyb","pnhns","fdfyb","fdfyb","random","train"
"311",13,12,14,"b5wma4no","9311","fnmow","fnmob","fnmyb","fnmob","random","train"
"312",0,3,19,"b5wma4no","1519","fdfob","fdfyw","pdcos","fdfyw","random","train"
"313",28,11,19,"b5wma4no","1147","pnhnb","pdcos","fnfyw","fnfyw","random","train"
"314",25,14,18,"b5wma4no","3254","pncns","fnmyb","pdcob","fnmyb","random","test"
"315",17,16,2,"b5wma4no","2215","pdcns","pdcnb","fdfyb","pdcnb","random","train"
"316",5,9,2,"b5wma4no","3273","fdmow","fdfyb","fnfow","fnfow","random","train"
"317",18,24,25,"b5wma4no","2387","pdcob","pncns","pncnb","pncnb","random","train"
"318",26,5,2,"b5wma4no","2297","pncob","fdfyb","fdmow","fdmow","random","train"
"319",31,14,7,"b5wma4no","5707","pnhos","fdmyw","fnmyb","fnmyb","random","train"
"320",31,20,17,"b5wma4no","3283","pnhos","pdcns","pdhnb","pdhnb","random","train"
"321",11,24,4,"b5wma4no","2190","fnfyw","fdmob","pncnb","pncnb","random","train"
"322",1,21,6,"b5wma4no","5663","fdfow","pdhns","fdmyb","pdhns","random","train"
"323",21,26,12,"b5wma4no","3925","pdhns","fnmob","pncob","pncob","random","train"
"324",24,28,17,"b5wma4no","3028","pncnb","pdcns","pnhnb","pnhnb","random","train"
"325",27,25,31,"b5wma4no","2927","pncos","pnhos","pncns","pncns","random","train"
"326",0,31,6,"b5wma4no","3368","fdfob","pnhos","fdmyb","pnhos","random","train"
"327",28,27,13,"b5wma4no","3914","pnhnb","fnmow","pncos","pncos","validation","train"
"328",12,17,20,"b5wma4no","4878","fnmob","pdcns","pdhnb","pdcns","random","train"
"329",5,7,11,"b5wma4no","3493","fdmow","fdmyw","fnfyw","fdmyw","validation","train"
"330",8,17,22,"b5wma4no","1953","fnfob","pdhob","pdcns","pdcns","random","train"
"331",4,31,28,"b5wma4no","3208","fdmob","pnhnb","pnhos","pnhos","random","train"
"332",16,20,4,"b5wma4no","1908","pdcnb","pdhnb","fdmob","pdhnb","validation","train"
"333",10,25,23,"b5wma4no","1942","fnfyb","pdhos","pncns","pncns","random","train"
"334",10,23,26,"b5wma4no","4906","fnfyb","pncob","pdhos","pdhos","random","train"
"335",5,20,15,"b5wma4no","3510","fdmow","pdhnb","fnmyw","pdhnb","validation","train"
"336",13,22,29,"b5wma4no","3087","fnmow","pnhns","pdhob","pdhob","random","train"
"337",4,7,24,"b5wma4no","4183","fdmob","fdmyw","pncnb","fdmyw","random","train"
"338",26,23,17,"b5wma4no","2878","pncob","pdhos","pdcns","pdhos","random","train"
"339",25,11,31,"b5wma4no","4033","pncns","fnfyw","pnhos","fnfyw","random","train"
"340",16,2,8,"b5wma4no","3905","pdcnb","fnfob","fdfyb","fdfyb","random","train"
"341",4,13,15,"b5wma4no","3150","fdmob","fnmow","fnmyw","fnmow","random","train"
"342",17,25,22,"b5wma4no","2755","pdcns","pncns","pdhob","pncns","random","test"
"343",10,15,26,"b5wma4no","4526","fnfyb","fnmyw","pncob","fnmyw","random","train"
"344",15,5,31,"b5wma4no","2147","fnmyw","fdmow","pnhos","fdmow","random","train"
"345",31,21,17,"b5wma4no","1750","pnhos","pdcns","pdhns","pdhns","random","test"
"346",23,22,14,"b5wma4no","1525","pdhos","pdhob","fnmyb","pdhob","random","test"
"347",21,22,19,"b5wma4no","3235","pdhns","pdhob","pdcos","pdhob","random","train"
"348",11,0,5,"b5wma4no","2080","fnfyw","fdmow","fdfob","fdfob","random","train"
"349",4,1,30,"b5wma4no","10394","fdmob","fdfow","pnhob","fdfow","validation","train"
"350",1,30,31,"b5wma4no","7550","fdfow","pnhob","pnhos","pnhob","random","train"
"351",28,26,9,"b5wma4no","3785","pnhnb","pncob","fnfow","pncob","random","train"
"352",5,1,29,"b5wma4no","1297","fdmow","fdfow","pnhns","fdfow","random","train"
"353",2,0,27,"b5wma4no","1447","fdfyb","fdfob","pncos","fdfob","random","test"
"354",31,24,10,"b5wma4no","2030","pnhos","fnfyb","pncnb","pncnb","random","train"
"355",8,12,15,"b5wma4no","3909","fnfob","fnmob","fnmyw","fnmob","random","train"
"356",9,27,19,"b5wma4no","2263","fnfow","pncos","pdcos","pncos","random","train"
"357",16,21,9,"b5wma4no","2900","pdcnb","fnfow","pdhns","pdhns","random","train"
"358",24,22,13,"b5wma4no","2255","pncnb","pdhob","fnmow","pdhob","validation","train"
"359",28,22,13,"b5wma4no","1788","pnhnb","pdhob","fnmow","pdhob","random","train"
"360",29,29,27,"b5wma4no","1311","pnhns","pncos","pnhns","pnhns","check",NA
"361",0,10,9,"b5wma4no","8419","fdfob","fnfow","fnfyb","fnfyb","random","train"
"362",16,11,19,"b5wma4no","3427","pdcnb","pdcos","fnfyw","fnfyw","random","train"
"363",14,28,31,"b5wma4no","1505","fnmyb","pnhos","pnhnb","pnhnb","validation","train"
"364",3,11,30,"b5wma4no","1408","fdfyw","pnhob","fnfyw","fnfyw","random","train"
"365",27,28,4,"b5wma4no","2970","pncos","pnhnb","fdmob","pnhnb","random","train"
"366",2,3,29,"b5wma4no","1468","fdfyb","pnhns","fdfyw","fdfyw","random","train"
"367",19,26,0,"b5wma4no","4157","pdcos","fdfob","pncob","pncob","random","train"
"368",12,4,14,"b5wma4no","4372","fnmob","fdmob","fnmyb","fdmob","validation","train"
"369",26,1,6,"b5wma4no","5562","pncob","fdfow","fdmyb","fdfow","random","train"
"370",5,15,10,"b5wma4no","3683","fdmow","fnmyw","fnfyb","fnmyw","random","train"
"371",17,16,18,"b5wma4no","1876","pdcns","pdcob","pdcnb","pdcnb","validation","train"
"372",26,24,8,"b5wma4no","1417","pncob","fnfob","pncnb","pncnb","random","train"
"373",14,15,16,"b5wma4no","1331","fnmyb","pdcnb","fnmyw","fnmyw","random","train"
"374",1,19,22,"b5wma4no","1694","fdfow","pdhob","pdcos","pdcos","random","train"
"375",14,2,0,"b5wma4no","1740","fnmyb","fdfyb","fdfob","fdfyb","random","train"
"376",4,14,8,"b5wma4no","5250","fdmob","fnmyb","fnfob","fnmyb","random","train"
"377",23,31,10,"b5wma4no","1600","pdhos","pnhos","fnfyb","pnhos","random","train"
"378",13,20,29,"b5wma4no","2544","fnmow","pnhns","pdhnb","pdhnb","random","train"
"379",18,19,3,"b5wma4no","2360","pdcob","fdfyw","pdcos","pdcos","random","test"
"380",4,19,11,"b5wma4no","3367","fdmob","pdcos","fnfyw","pdcos","random","train"
"381",6,21,26,"b5wma4no","2605","fdmyb","pncob","pdhns","pdhns","random","train"
"382",14,0,18,"b5wma4no","3206","fnmyb","pdcob","fdfob","fdfob","random","train"
"383",21,19,28,"b5wma4no","3035","pdhns","pdcos","pnhnb","pdcos","random","train"
"384",25,2,7,"b5wma4no","8107","pncns","fdfyb","fdmyw","fdfyb","random","train"
"385",25,16,27,"b5wma4no","1467","pncns","pncos","pdcnb","pdcnb","random","train"
"386",8,2,31,"b5wma4no","2772","fnfob","pnhos","fdfyb","fdfyb","random","train"
"387",13,6,16,"b5wma4no","2335","fnmow","fdmyb","pdcnb","fdmyb","random","test"
"388",11,6,23,"b5wma4no","3358","fnfyw","fdmyb","pdhos","fdmyb","random","train"
"389",28,14,16,"b5wma4no","2696","pnhnb","fnmyb","pdcnb","fnmyb","random","train"
"390",21,10,12,"b5wma4no","2032","pdhns","fnmob","fnfyb","fnfyb","random","test"
"391",11,16,4,"b5wma4no","8000","fnfyw","pdcnb","fdmob","pdcnb","random","train"
"392",30,27,21,"b5wma4no","2048","pnhob","pncos","pdhns","pncos","random","train"
"393",5,6,17,"b5wma4no","2313","fdmow","pdcns","fdmyb","fdmyb","random","train"
"394",7,1,22,"b5wma4no","1215","fdmyw","fdfow","pdhob","fdfow","random","train"
"395",6,10,17,"b5wma4no","935","fdmyb","pdcns","fnfyb","fnfyb","validation","train"
"396",19,16,11,"b5wma4no","1465","pdcos","fnfyw","pdcnb","pdcnb","random","train"
"397",12,7,23,"b5wma4no","1142","fnmob","pdhos","fdmyw","fdmyw","random","train"
"398",26,9,0,"b5wma4no","2576","pncob","fnfow","fdfob","fnfow","random","train"
"399",22,21,27,"b5wma4no","4019","pdhob","pncos","pdhns","pdhns","random","train"
"400",2,6,23,"b5wma4no","1108","fdfyb","fdmyb","pdhos","fdmyb","random","test"
"401",26,18,29,"b5wma4no","1344","pncob","pnhns","pdcob","pdcob","random","test"
"402",0,13,28,"b5wma4no","3072","fdfob","pnhnb","fnmow","fnmow","random","train"
"403",26,11,6,"b5wma4no","3950","pncob","fnfyw","fdmyb","fnfyw","random","train"
"404",12,8,23,"b5wma4no","1622","fnmob","pdhos","fnfob","fnfob","random","train"
"405",24,28,10,"b5wma4no","1856","pncnb","pnhnb","fnfyb","pnhnb","random","train"
"406",1,8,16,"b5wma4no","2070","fdfow","fnfob","pdcnb","fnfob","random","train"
"407",27,29,21,"b5wma4no","2668","pncos","pdhns","pnhns","pnhns","random","train"
"408",24,2,23,"b5wma4no","2427","pncnb","fdfyb","pdhos","fdfyb","random","train"
"409",12,4,26,"b5wma4no","1495","fnmob","pncob","fdmob","fdmob","random","test"
"410",17,30,4,"b5wma4no","2986","pdcns","pnhob","fdmob","pnhob","random","train"
"411",8,14,31,"b5wma4no","1639","fnfob","fnmyb","pnhos","fnmyb","random","train"
"412",8,29,20,"b5wma4no","2316","fnfob","pdhnb","pnhns","pnhns","random","train"
"413",2,3,8,"b5wma4no","4187","fdfyb","fnfob","fdfyw","fdfyw","random","train"
"414",3,11,27,"b5wma4no","3147","fdfyw","pncos","fnfyw","fnfyw","random","train"
"415",29,21,30,"b5wma4no","5447","pnhns","pnhob","pdhns","pdhns","random","train"
"416",16,26,30,"b5wma4no","1882","pdcnb","pnhob","pncob","pncob","random","train"
"417",21,16,26,"b5wma4no","1731","pdhns","pncob","pdcnb","pdcnb","random","train"
"418",10,10,0,"b5wma4no","2347","fnfyb","fnfyb","fdfob","fnfyb","check",NA
"419",16,28,29,"b5wma4no","3960","pdcnb","pnhnb","pnhns","pnhnb","random","train"
"420",6,29,30,"b5wma4no","1576","fdmyb","pnhns","pnhob","pnhns","random","test"
"421",15,5,19,"b5wma4no","1816","fnmyw","pdcos","fdmow","fdmow","random","train"
"422",2,1,23,"b5wma4no","1888","fdfyb","fdfow","pdhos","fdfow","random","train"
"423",19,22,14,"b5wma4no","1538","pdcos","fnmyb","pdhob","pdhob","random","train"
"424",19,3,28,"b5wma4no","7960","pdcos","pnhnb","fdfyw","fdfyw","random","train"
"425",22,6,14,"b5wma4no","4544","pdhob","fnmyb","fdmyb","fdmyb","random","train"
"426",24,20,4,"b5wma4no","1904","pncnb","fdmob","pdhnb","pdhnb","random","test"
"427",0,5,27,"b5wma4no","1691","fdfob","fdmow","pncos","fdmow","random","train"
"428",29,17,22,"b5wma4no","1921","pnhns","pdcns","pdhob","pdcns","random","train"
"429",6,11,25,"b5wma4no","2196","fdmyb","fnfyw","pncns","fnfyw","random","train"
"430",24,19,6,"b5wma4no","8900","pncnb","pdcos","fdmyb","pdcos","validation","train"
"431",7,13,18,"b5wma4no","1628","fdmyw","pdcob","fnmow","fnmow","random","train"
"432",16,24,15,"b5wma4no","1299","pdcnb","pncnb","fnmyw","pncnb","random","train"
"433",31,31,19,"b5wma4no","1386","pnhos","pnhos","pdcos","pnhos","check",NA
"434",20,21,2,"b5wma4no","1696","pdhnb","pdhns","fdfyb","pdhns","random","test"
"435",25,17,5,"b5wma4no","1351","pncns","pdcns","fdmow","pdcns","random","train"
"436",14,0,17,"b5wma4no","1718","fnmyb","fdfob","pdcns","fdfob","validation","train"
"437",19,31,5,"b5wma4no","1595","pdcos","pnhos","fdmow","pnhos","random","train"
"438",6,0,23,"b5wma4no","1579","fdmyb","pdhos","fdfob","fdfob","validation","train"
"439",22,0,17,"b5wma4no","3714","pdhob","pdcns","fdfob","fdfob","random","test"
"440",3,9,25,"b5wma4no","1906","fdfyw","fnfow","pncns","fnfow","random","train"
"441",23,19,8,"b5wma4no","1375","pdhos","fnfob","pdcos","pdcos","random","train"
"442",22,18,29,"b5wma4no","1368","pdhob","pdcob","pnhns","pdcob","validation","train"
"443",21,30,14,"b5wma4no","2494","pdhns","pnhob","fnmyb","pnhob","random","train"
"444",18,27,14,"b5wma4no","1169","pdcob","fnmyb","pncos","pncos","random","train"
"445",6,12,20,"b5wma4no","1096","fdmyb","fnmob","pdhnb","fnmob","random","train"
"446",5,6,27,"b5wma4no","1301","fdmow","fdmyb","pncos","fdmyb","random","train"
"447",24,28,13,"b5wma4no","1355","pncnb","pnhnb","fnmow","pnhnb","random","train"
"448",16,17,12,"b5wma4no","1177","pdcnb","pdcns","fnmob","pdcns","random","train"
"449",2,3,11,"b5wma4no","2021","fdfyb","fnfyw","fdfyw","fdfyw","random","train"
"450",17,16,30,"b5wma4no","1462","pdcns","pnhob","pdcnb","pdcnb","random","test"
"451",10,6,16,"b5wma4no","1371","fnfyb","fdmyb","pdcnb","fdmyb","validation","train"
"452",2,17,28,"b5wma4no","2162","fdfyb","pdcns","pnhnb","pdcns","random","train"
"453",15,3,8,"b5wma4no","2713","fnmyw","fnfob","fdfyw","fdfyw","random","train"
"454",10,2,20,"b5wma4no","1940","fnfyb","fdfyb","pdhnb","fdfyb","random","train"
"455",25,20,13,"b5wma4no","1575","pncns","pdhnb","fnmow","pdhnb","random","train"
"456",23,24,13,"b5wma4no","3436","pdhos","pncnb","fnmow","pncnb","validation","train"
"457",25,19,11,"b5wma4no","1598","pncns","pdcos","fnfyw","pdcos","random","train"
"458",24,7,9,"b5wma4no","4660","pncnb","fdmyw","fnfow","fdmyw","random","train"
"459",30,19,9,"b5wma4no","1752","pnhob","pdcos","fnfow","pdcos","random","train"
"460",6,0,21,"b5wma4no","3215","fdmyb","pdhns","fdfob","fdfob","random","train"
"461",1,11,6,"d8mmm1qn","1856","fdfow","fnfyw","fdmyb","fnfyw","random","train"
"462",4,12,29,"d8mmm1qn","614","fdmob","fnmob","pnhns","fnmob","random","test"
"463",1,14,23,"d8mmm1qn","1203","fdfow","fnmyb","pdhos","fnmyb","validation","train"
"464",26,25,22,"d8mmm1qn","1454","pncob","pncns","pdhob","pncns","random","test"
"465",23,11,14,"d8mmm1qn","2211","pdhos","fnfyw","fnmyb","fnfyw","random","train"
"466",29,22,4,"d8mmm1qn","1180","pnhns","fdmob","pdhob","pdhob","random","train"
"467",10,9,25,"d8mmm1qn","1195","fnfyb","fnfow","pncns","fnfow","random","train"
"468",18,26,4,"d8mmm1qn","1252","pdcob","pncob","fdmob","pncob","random","train"
"469",17,14,12,"d8mmm1qn","1894","pdcns","fnmob","fnmyb","fnmyb","random","train"
"470",12,16,17,"d8mmm1qn","2470","fnmob","pdcns","pdcnb","pdcnb","random","train"
"471",14,13,8,"d8mmm1qn","2054","fnmyb","fnmow","fnfob","fnmow","random","train"
"472",5,1,22,"d8mmm1qn","1224","fdmow","pdhob","fdfow","fdfow","random","test"
"473",25,30,7,"d8mmm1qn","1156","pncns","fdmyw","pnhob","pnhob","random","train"
"474",26,10,2,"d8mmm1qn","2536","pncob","fnfyb","fdfyb","fnfyb","random","train"
"475",5,8,29,"d8mmm1qn","1400","fdmow","fnfob","pnhns","fnfob","random","train"
"476",8,1,10,"d8mmm1qn","1489","fnfob","fnfyb","fdfow","fdfow","random","train"
"477",29,16,26,"d8mmm1qn","1640","pnhns","pdcnb","pncob","pdcnb","random","train"
"478",26,9,5,"d8mmm1qn","2151","pncob","fnfow","fdmow","fnfow","random","train"
"479",24,16,13,"d8mmm1qn","1588","pncnb","fnmow","pdcnb","pdcnb","random","train"
"480",13,7,20,"d8mmm1qn","1585","fnmow","fdmyw","pdhnb","fdmyw","random","train"
"481",30,29,10,"d8mmm1qn","1603","pnhob","pnhns","fnfyb","pnhns","random","train"
"482",3,15,29,"d8mmm1qn","1686","fdfyw","pnhns","fnmyw","fnmyw","random","train"
"483",29,11,2,"d8mmm1qn","1612","pnhns","fdfyb","fnfyw","fnfyw","random","train"
"484",8,14,19,"d8mmm1qn","1743","fnfob","fnmyb","pdcos","fnmyb","random","train"
"485",26,24,4,"d8mmm1qn","1565","pncob","fdmob","pncnb","pncnb","random","train"
"486",5,9,28,"d8mmm1qn","1479","fdmow","pnhnb","fnfow","fnfow","random","train"
"487",30,30,15,"d8mmm1qn","1481","pnhob","pnhob","fnmyw","pnhob","check",NA
"488",3,5,24,"d8mmm1qn","1676","fdfyw","pncnb","fdmow","fdmow","random","train"
"489",16,25,5,"d8mmm1qn","1705","pdcnb","fdmow","pncns","pncns","random","test"
"490",31,31,2,"d8mmm1qn","1629","pnhos","pnhos","fdfyb","pnhos","check",NA
"491",0,3,11,"d8mmm1qn","1930","fdfob","fnfyw","fdfyw","fdfyw","random","train"
"492",11,20,26,"d8mmm1qn","1727","fnfyw","pncob","pdhnb","pdhnb","random","train"
"493",26,24,3,"d8mmm1qn","1666","pncob","fdfyw","pncnb","pncnb","random","train"
"494",5,11,24,"d8mmm1qn","1446","fdmow","fnfyw","pncnb","fnfyw","validation","train"
"495",16,27,28,"d8mmm1qn","1524","pdcnb","pnhnb","pncos","pncos","validation","train"
"496",5,10,23,"d8mmm1qn","1663","fdmow","pdhos","fnfyb","fnfyb","random","train"
"497",15,13,30,"d8mmm1qn","1679","fnmyw","pnhob","fnmow","fnmow","random","train"
"498",7,1,17,"d8mmm1qn","1856","fdmyw","pdcns","fdfow","fdfow","random","train"
"499",19,23,30,"d8mmm1qn","2094","pdcos","pdhos","pnhob","pdhos","random","train"
"500",20,16,4,"d8mmm1qn","1307","pdhnb","pdcnb","fdmob","pdcnb","validation","train"
"501",5,12,0,"d8mmm1qn","1872","fdmow","fnmob","fdfob","fnmob","random","train"
"502",11,1,16,"d8mmm1qn","1650","fnfyw","fdfow","pdcnb","fdfow","random","train"
"503",18,5,6,"d8mmm1qn","1284","pdcob","fdmyb","fdmow","fdmow","random","train"
"504",3,25,27,"d8mmm1qn","2019","fdfyw","pncos","pncns","pncns","random","train"
"505",10,2,20,"d8mmm1qn","1560","fnfyb","pdhnb","fdfyb","fdfyb","random","train"
"506",6,28,24,"d8mmm1qn","2190","fdmyb","pnhnb","pncnb","pnhnb","random","train"
"507",20,31,19,"d8mmm1qn","1567","pdhnb","pnhos","pdcos","pnhos","random","train"
"508",19,16,9,"d8mmm1qn","917","pdcos","fnfow","pdcnb","pdcnb","validation","train"
"509",1,23,31,"d8mmm1qn","1944","fdfow","pdhos","pnhos","pdhos","random","train"
"510",7,3,0,"d8mmm1qn","1800","fdmyw","fdfyw","fdfob","fdfyw","random","train"
"511",24,18,9,"d8mmm1qn","1331","pncnb","fnfow","pdcob","pdcob","random","train"
"512",18,24,2,"d8mmm1qn","1455","pdcob","pncnb","fdfyb","pncnb","random","train"
"513",21,1,8,"d8mmm1qn","1475","pdhns","fnfob","fdfow","fdfow","random","train"
"514",20,31,19,"d8mmm1qn","1222","pdhnb","pnhos","pdcos","pnhos","validation","train"
"515",20,23,1,"d8mmm1qn","1733","pdhnb","pdhos","fdfow","pdhos","validation","train"
"516",2,9,23,"d8mmm1qn","1660","fdfyb","pdhos","fnfow","fnfow","random","train"
"517",30,27,18,"d8mmm1qn","2527","pnhob","pncos","pdcob","pncos","random","train"
"518",12,1,26,"d8mmm1qn","1524","fnmob","fdfow","pncob","fdfow","random","train"
"519",9,7,27,"d8mmm1qn","1380","fnfow","fdmyw","pncos","fdmyw","random","train"
"520",3,10,23,"d8mmm1qn","1066","fdfyw","pdhos","fnfyb","fnfyb","random","train"
"521",9,12,6,"d8mmm1qn","2015","fnfow","fdmyb","fnmob","fnmob","random","train"
"522",6,9,16,"d8mmm1qn","1402","fdmyb","fnfow","pdcnb","fnfow","random","train"
"523",7,10,31,"d8mmm1qn","1632","fdmyw","fnfyb","pnhos","fnfyb","random","train"
"524",19,29,5,"d8mmm1qn","1631","pdcos","pnhns","fdmow","pnhns","random","train"
"525",9,11,12,"d8mmm1qn","1821","fnfow","fnfyw","fnmob","fnfyw","random","train"
"526",16,31,10,"d8mmm1qn","1240","pdcnb","fnfyb","pnhos","pnhos","random","train"
"527",0,2,20,"d8mmm1qn","1251","fdfob","fdfyb","pdhnb","fdfyb","random","test"
"528",13,13,10,"d8mmm1qn","1788","fnmow","fnmow","fnfyb","fnmow","check",NA
"529",12,6,19,"d8mmm1qn","1400","fnmob","pdcos","fdmyb","fdmyb","random","train"
"530",7,15,8,"d8mmm1qn","1792","fdmyw","fnfob","fnmyw","fnmyw","validation","train"
"531",14,7,17,"d8mmm1qn","1652","fnmyb","pdcns","fdmyw","fdmyw","random","train"
"532",12,10,28,"d8mmm1qn","1675","fnmob","pnhnb","fnfyb","fnfyb","random","train"
"533",16,2,28,"d8mmm1qn","2995","pdcnb","pnhnb","fdfyb","fdfyb","random","train"
"534",25,20,14,"d8mmm1qn","1799","pncns","fnmyb","pdhnb","pdhnb","random","train"
"535",2,5,16,"d8mmm1qn","2825","fdfyb","pdcnb","fdmow","fdmow","random","train"
"536",13,17,20,"d8mmm1qn","4477","fnmow","pdcns","pdhnb","pdcns","random","test"
"537",18,30,8,"d8mmm1qn","1270","pdcob","fnfob","pnhob","pnhob","validation","train"
"538",12,12,13,"d8mmm1qn","1392","fnmob","fnmow","fnmob","fnmob","check",NA
"539",22,30,2,"d8mmm1qn","1456","pdhob","fdfyb","pnhob","pnhob","validation","train"
"540",14,12,3,"d8mmm1qn","1713","fnmyb","fdfyw","fnmob","fnmob","random","train"
"541",28,17,3,"d8mmm1qn","1926","pnhnb","fdfyw","pdcns","pdcns","random","train"
"542",16,18,0,"d8mmm1qn","1601","pdcnb","fdfob","pdcob","pdcob","random","train"
"543",4,15,11,"d8mmm1qn","1439","fdmob","fnfyw","fnmyw","fnmyw","random","train"
"544",1,2,6,"d8mmm1qn","1553","fdfow","fdmyb","fdfyb","fdfyb","random","train"
"545",21,23,6,"d8mmm1qn","1298","pdhns","fdmyb","pdhos","pdhos","random","train"
"546",18,2,14,"d8mmm1qn","1606","pdcob","fdfyb","fnmyb","fdfyb","random","train"
"547",6,14,29,"d8mmm1qn","1601","fdmyb","fnmyb","pnhns","fnmyb","random","train"
"548",21,25,14,"d8mmm1qn","1634","pdhns","pncns","fnmyb","pncns","random","train"
"549",2,5,29,"d8mmm1qn","1342","fdfyb","fdmow","pnhns","fdmow","random","train"
"550",28,22,18,"d8mmm1qn","1337","pnhnb","pdcob","pdhob","pdhob","random","train"
"551",7,29,25,"d8mmm1qn","2146","fdmyw","pncns","pnhns","pnhns","validation","train"
"552",27,9,5,"d8mmm1qn","2202","pncos","fdmow","fnfow","fnfow","random","train"
"553",11,10,6,"d8mmm1qn","1747","fnfyw","fnfyb","fdmyb","fnfyb","random","train"
"554",30,21,26,"d8mmm1qn","1502","pnhob","pdhns","pncob","pdhns","random","train"
"555",7,4,2,"d8mmm1qn","1638","fdmyw","fdfyb","fdmob","fdmob","random","train"
"556",6,20,29,"d8mmm1qn","1644","fdmyb","pnhns","pdhnb","pdhnb","random","test"
"557",17,11,12,"d8mmm1qn","2278","pdcns","fnmob","fnfyw","fnfyw","random","train"
"558",11,12,25,"d8mmm1qn","1618","fnfyw","pncns","fnmob","fnmob","random","train"
"559",4,7,13,"d8mmm1qn","1751","fdmob","fnmow","fdmyw","fdmyw","random","train"
"560",20,22,19,"d8mmm1qn","1318","pdhnb","pdcos","pdhob","pdhob","random","train"
"561",5,1,16,"d8mmm1qn","938","fdmow","pdcnb","fdfow","fdfow","random","train"
"562",24,29,2,"d8mmm1qn","1357","pncnb","pnhns","fdfyb","pnhns","random","train"
"563",19,31,14,"d8mmm1qn","1202","pdcos","fnmyb","pnhos","pnhos","random","test"
"564",23,28,17,"d8mmm1qn","1545","pdhos","pnhnb","pdcns","pnhnb","random","test"
"565",14,7,21,"d8mmm1qn","1193","fnmyb","pdhns","fdmyw","fdmyw","random","train"
"566",12,25,16,"d8mmm1qn","2211","fnmob","pdcnb","pncns","pncns","random","train"
"567",28,14,3,"d8mmm1qn","2124","pnhnb","fnmyb","fdfyw","fnmyb","random","train"
"568",8,26,27,"d8mmm1qn","2728","fnfob","pncos","pncob","pncob","random","train"
"569",4,7,16,"d8mmm1qn","1488","fdmob","fdmyw","pdcnb","fdmyw","random","train"
"570",15,8,28,"d8mmm1qn","1361","fnmyw","fnfob","pnhnb","fnfob","random","train"
"571",17,2,11,"d8mmm1qn","1656","pdcns","fnfyw","fdfyb","fdfyb","random","train"
"572",12,8,16,"d8mmm1qn","1331","fnmob","pdcnb","fnfob","fnfob","random","train"
"573",24,14,15,"d8mmm1qn","2030","pncnb","fnmyb","fnmyw","fnmyb","random","train"
"574",27,23,28,"d8mmm1qn","1758","pncos","pdhos","pnhnb","pdhos","random","test"
"575",22,30,18,"d8mmm1qn","1652","pdhob","pdcob","pnhob","pnhob","random","train"
"576",0,20,28,"d8mmm1qn","1980","fdfob","pnhnb","pdhnb","pdhnb","random","train"
"577",15,7,6,"d8mmm1qn","1784","fnmyw","fdmyw","fdmyb","fdmyw","random","test"
"578",12,5,17,"d8mmm1qn","1514","fnmob","pdcns","fdmow","fdmow","validation","train"
"579",19,26,29,"d8mmm1qn","1572","pdcos","pncob","pnhns","pncob","random","train"
"580",19,24,12,"d8mmm1qn","1586","pdcos","pncnb","fnmob","pncnb","validation","train"
"581",6,20,24,"d8mmm1qn","2124","fdmyb","pdhnb","pncnb","pdhnb","random","train"
"582",18,16,30,"d8mmm1qn","1746","pdcob","pdcnb","pnhob","pdcnb","random","train"
"583",12,14,28,"d8mmm1qn","1424","fnmob","pnhnb","fnmyb","fnmyb","random","train"
"584",11,28,23,"d8mmm1qn","1713","fnfyw","pnhnb","pdhos","pnhnb","random","train"
"585",3,8,12,"d8mmm1qn","1508","fdfyw","fnfob","fnmob","fnfob","random","train"
"586",25,27,10,"d8mmm1qn","1405","pncns","fnfyb","pncos","pncos","random","train"
"587",18,14,15,"d8mmm1qn","2487","pdcob","fnmyw","fnmyb","fnmyb","random","train"
"588",11,2,18,"d8mmm1qn","1362","fnfyw","pdcob","fdfyb","fdfyb","random","train"
"589",6,14,15,"d8mmm1qn","1579","fdmyb","fnmyw","fnmyb","fnmyb","validation","train"
"590",23,12,9,"d8mmm1qn","1766","pdhos","fnmob","fnfow","fnmob","random","train"
"591",3,1,14,"d8mmm1qn","1337","fdfyw","fnmyb","fdfow","fdfow","random","train"
"592",11,3,20,"d8mmm1qn","1285","fnfyw","pdhnb","fdfyw","fdfyw","random","train"
"593",5,13,2,"d8mmm1qn","1524","fdmow","fnmow","fdfyb","fnmow","random","train"
"594",9,1,30,"d8mmm1qn","1536","fnfow","pnhob","fdfow","fdfow","random","train"
"595",7,11,1,"d8mmm1qn","2067","fdmyw","fnfyw","fdfow","fnfyw","validation","train"
"596",17,15,8,"d8mmm1qn","2701","pdcns","fnmyw","fnfob","fnmyw","random","train"
"597",17,17,8,"d8mmm1qn","1660","pdcns","pdcns","fnfob","pdcns","check",NA
"598",5,4,17,"d8mmm1qn","1576","fdmow","pdcns","fdmob","fdmob","random","train"
"599",29,17,0,"d8mmm1qn","1476","pnhns","fdfob","pdcns","pdcns","random","test"
"600",21,7,9,"d8mmm1qn","1597","pdhns","fdmyw","fnfow","fdmyw","random","train"
"601",4,18,25,"d8mmm1qn","1724","fdmob","pdcob","pncns","pdcob","random","train"
"602",30,19,14,"d8mmm1qn","1382","pnhob","fnmyb","pdcos","pdcos","random","train"
"603",14,1,26,"d8mmm1qn","1241","fnmyb","fdfow","pncob","fdfow","random","train"
"604",14,7,19,"d8mmm1qn","1347","fnmyb","fdmyw","pdcos","fdmyw","random","train"
"605",27,24,30,"d8mmm1qn","1779","pncos","pnhob","pncnb","pncnb","random","train"
"606",10,24,20,"d8mmm1qn","2878","fnfyb","pncnb","pdhnb","pncnb","random","train"
"607",20,22,19,"d8mmm1qn","1256","pdhnb","pdcos","pdhob","pdhob","random","train"
"608",29,15,3,"d8mmm1qn","1872","pnhns","fnmyw","fdfyw","fnmyw","random","train"
"609",12,8,7,"d8mmm1qn","1487","fnmob","fdmyw","fnfob","fnfob","random","train"
"610",29,21,17,"d8mmm1qn","1864","pnhns","pdhns","pdcns","pdhns","random","train"
"611",31,25,9,"d8mmm1qn","1330","pnhos","fnfow","pncns","pncns","random","train"
"612",9,8,20,"d8mmm1qn","1234","fnfow","fnfob","pdhnb","fnfob","random","train"
"613",11,8,2,"d8mmm1qn","2074","fnfyw","fdfyb","fnfob","fnfob","random","train"
"614",1,2,29,"d8mmm1qn","1622","fdfow","fdfyb","pnhns","fdfyb","random","train"
"615",15,9,8,"d8mmm1qn","2403","fnmyw","fnfob","fnfow","fnfow","random","train"
"616",11,3,5,"d8mmm1qn","1390","fnfyw","fdmow","fdfyw","fdfyw","random","train"
"617",2,0,30,"d8mmm1qn","1342","fdfyb","fdfob","pnhob","fdfob","random","train"
"618",1,0,24,"d8mmm1qn","1562","fdfow","fdfob","pncnb","fdfob","random","train"
"619",7,10,8,"d8mmm1qn","3038","fdmyw","fnfyb","fnfob","fnfyb","random","train"
"620",17,19,18,"d8mmm1qn","2014","pdcns","pdcob","pdcos","pdcos","validation","train"
"621",21,23,13,"d8mmm1qn","1417","pdhns","fnmow","pdhos","pdhos","random","train"
"622",21,21,20,"d8mmm1qn","1621","pdhns","pdhns","pdhnb","pdhns","check",NA
"623",15,25,27,"d8mmm1qn","2432","fnmyw","pncos","pncns","pncns","random","train"
"624",22,28,3,"d8mmm1qn","1422","pdhob","fdfyw","pnhnb","pnhnb","random","train"
"625",1,22,25,"d8mmm1qn","1825","fdfow","pdhob","pncns","pdhob","random","train"
"626",3,20,28,"d8mmm1qn","1653","fdfyw","pnhnb","pdhnb","pdhnb","random","train"
"627",2,12,21,"d8mmm1qn","1834","fdfyb","fnmob","pdhns","fnmob","random","train"
"628",11,21,23,"d8mmm1qn","1859","fnfyw","pdhos","pdhns","pdhns","random","train"
"629",24,18,3,"d8mmm1qn","1468","pncnb","fdfyw","pdcob","pdcob","random","train"
"630",28,26,9,"d8mmm1qn","1487","pnhnb","fnfow","pncob","pncob","random","train"
"631",4,12,20,"d8mmm1qn","1146","fdmob","fnmob","pdhnb","fnmob","random","train"
"632",1,10,4,"d8mmm1qn","1829","fdfow","fnfyb","fdmob","fnfyb","random","train"
"633",27,27,28,"d8mmm1qn","1269","pncos","pncos","pnhnb","pncos","check",NA
"634",13,8,20,"d8mmm1qn","1132","fnmow","pdhnb","fnfob","fnfob","random","train"
"635",30,12,6,"d8mmm1qn","1513","pnhob","fdmyb","fnmob","fnmob","random","train"
"636",18,1,3,"d8mmm1qn","1594","pdcob","fdfyw","fdfow","fdfow","random","train"
"637",5,8,25,"d8mmm1qn","1883","fdmow","fnfob","pncns","fnfob","random","train"
"638",25,29,22,"d8mmm1qn","2061","pncns","pnhns","pdhob","pnhns","random","train"
"639",29,27,5,"d8mmm1qn","1691","pnhns","pncos","fdmow","pncos","random","train"
"640",0,4,18,"d8mmm1qn","1626","fdfob","pdcob","fdmob","fdmob","random","train"
"641",13,5,8,"d8mmm1qn","1599","fnmow","fnfob","fdmow","fdmow","random","train"
"642",25,17,12,"d8mmm1qn","1698","pncns","fnmob","pdcns","pdcns","random","train"
"643",26,19,13,"d8mmm1qn","1190","pncob","pdcos","fnmow","pdcos","validation","train"
"644",22,30,24,"d8mmm1qn","1684","pdhob","pnhob","pncnb","pnhob","random","train"
"645",30,28,16,"d8mmm1qn","1529","pnhob","pdcnb","pnhnb","pnhnb","random","train"
"646",1,9,23,"d8mmm1qn","1579","fdfow","pdhos","fnfow","fnfow","random","train"
"647",27,16,12,"d8mmm1qn","1925","pncos","pdcnb","fnmob","pdcnb","random","train"
"648",6,11,19,"d8mmm1qn","1651","fdmyb","pdcos","fnfyw","fnfyw","random","train"
"649",23,8,12,"d8mmm1qn","1808","pdhos","fnmob","fnfob","fnfob","random","train"
"650",27,27,22,"d8mmm1qn","1454","pncos","pdhob","pncos","pncos","check",NA
"651",30,23,25,"d8mmm1qn","2001","pnhob","pdhos","pncns","pdhos","random","train"
"652",29,9,4,"d8mmm1qn","1786","pnhns","fnfow","fdmob","fnfow","random","train"
"653",21,1,13,"d8mmm1qn","1738","pdhns","fdfow","fnmow","fdfow","random","train"
"654",10,29,17,"d8mmm1qn","1931","fnfyb","pdcns","pnhns","pnhns","random","train"
"655",29,3,5,"d8mmm1qn","2564","pnhns","fdmow","fdfyw","fdfyw","random","train"
"656",19,1,20,"d8mmm1qn","1507","pdcos","pdhnb","fdfow","fdfow","random","train"
"657",27,10,7,"d8mmm1qn","2370","pncos","fnfyb","fdmyw","fnfyb","random","train"
"658",24,8,4,"d8mmm1qn","1946","pncnb","fnfob","fdmob","fnfob","random","train"
"659",24,14,8,"d8mmm1qn","1884","pncnb","fnfob","fnmyb","fnmyb","random","train"
"660",8,18,20,"d8mmm1qn","1842","fnfob","pdcob","pdhnb","pdcob","random","train"
"661",31,8,12,"d8mmm1qn","2081","pnhos","fnfob","fnmob","fnfob","random","train"
"662",4,12,19,"d8mmm1qn","1410","fdmob","pdcos","fnmob","fnmob","validation","train"
"663",3,6,13,"d8mmm1qn","1783","fdfyw","fdmyb","fnmow","fdmyb","random","train"
"664",10,10,7,"d8mmm1qn","1477","fnfyb","fdmyw","fnfyb","fnfyb","check",NA
"665",23,26,11,"d8mmm1qn","1727","pdhos","fnfyw","pncob","pncob","random","train"
"666",6,14,29,"d8mmm1qn","1710","fdmyb","fnmyb","pnhns","fnmyb","random","train"
"667",30,30,31,"d8mmm1qn","1766","pnhob","pnhos","pnhob","pnhob","check",NA
"668",28,25,18,"d8mmm1qn","2282","pnhnb","pdcob","pncns","pncns","random","train"
"669",18,24,17,"d8mmm1qn","2801","pdcob","pncnb","pdcns","pncnb","random","train"
"670",4,31,25,"d8mmm1qn","3093","fdmob","pncns","pnhos","pnhos","random","train"
"671",29,30,13,"d8mmm1qn","1448","pnhns","fnmow","pnhob","pnhob","random","train"
"672",28,25,14,"d8mmm1qn","1339","pnhnb","pncns","fnmyb","pncns","random","train"
"673",29,24,7,"d8mmm1qn","1601","pnhns","fdmyw","pncnb","pncnb","random","test"
"674",19,21,0,"d8mmm1qn","1663","pdcos","pdhns","fdfob","pdhns","random","train"
"675",31,23,8,"d8mmm1qn","1348","pnhos","pdhos","fnfob","pdhos","validation","train"
"676",10,24,27,"d8mmm1qn","1876","fnfyb","pncos","pncnb","pncnb","random","train"
"677",26,8,15,"d8mmm1qn","1719","pncob","fnfob","fnmyw","fnfob","random","train"
"678",22,23,29,"d8mmm1qn","1957","pdhob","pdhos","pnhns","pdhos","random","train"
"679",14,29,31,"d8mmm1qn","1930","fnmyb","pnhns","pnhos","pnhns","random","train"
"680",7,10,25,"d8mmm1qn","1649","fdmyw","fnfyb","pncns","fnfyb","random","train"
"681",0,11,24,"d8mmm1qn","1494","fdfob","pncnb","fnfyw","fnfyw","random","train"
"682",9,14,20,"d8mmm1qn","1858","fnfow","pdhnb","fnmyb","fnmyb","random","train"
"683",20,3,2,"d8mmm1qn","2875","pdhnb","fdfyb","fdfyw","fdfyw","random","train"
"684",25,22,4,"d8mmm1qn","1897","pncns","fdmob","pdhob","pdhob","random","train"
"685",10,7,23,"d8mmm1qn","1358","fnfyb","pdhos","fdmyw","fdmyw","random","train"
"686",11,8,24,"d8mmm1qn","1413","fnfyw","pncnb","fnfob","fnfob","random","train"
"687",25,16,4,"d8mmm1qn","1795","pncns","pdcnb","fdmob","pdcnb","random","train"
"688",29,18,15,"d8mmm1qn","1338","pnhns","fnmyw","pdcob","pdcob","random","train"
"689",22,1,12,"d8mmm1qn","1646","pdhob","fnmob","fdfow","fdfow","validation","train"
"690",31,9,3,"d8mmm1qn","1608","pnhos","fdfyw","fnfow","fnfow","random","train"
"691",25,28,31,"jn7bbjc0","5224","pncns","pnhnb","pnhos","pnhnb","random","train"
"692",9,0,30,"jn7bbjc0","776","fnfow","pnhob","fdfob","fdfob","random","train"
"693",19,5,7,"jn7bbjc0","2318","pdcos","fdmyw","fdmow","fdmow","random","train"
"694",1,3,21,"jn7bbjc0","1024","fdfow","pdhns","fdfyw","fdfyw","random","train"
"695",22,18,29,"jn7bbjc0","1446","pdhob","pdcob","pnhns","pdcob","validation","train"
"696",13,19,21,"jn7bbjc0","1531","fnmow","pdhns","pdcos","pdcos","random","train"
"697",23,1,25,"jn7bbjc0","1452","pdhos","pncns","fdfow","fdfow","random","train"
"698",14,30,26,"jn7bbjc0","1819","fnmyb","pnhob","pncob","pnhob","random","train"
"699",28,18,27,"jn7bbjc0","2620","pnhnb","pncos","pdcob","pdcob","random","train"
"700",14,1,28,"jn7bbjc0","1076","fnmyb","pnhnb","fdfow","fdfow","random","train"
"701",26,17,23,"jn7bbjc0","1033","pncob","pdcns","pdhos","pdcns","random","train"
"702",7,12,0,"jn7bbjc0","1704","fdmyw","fnmob","fdfob","fnmob","random","train"
"703",25,30,13,"jn7bbjc0","1151","pncns","pnhob","fnmow","pnhob","random","train"
"704",11,29,20,"jn7bbjc0","2641","fnfyw","pnhns","pdhnb","pnhns","random","train"
"705",12,10,9,"jn7bbjc0","5748","fnmob","fnfyb","fnfow","fnfyb","random","train"
"706",20,28,22,"jn7bbjc0","3868","pdhnb","pnhnb","pdhob","pnhnb","random","train"
"707",30,27,11,"jn7bbjc0","854","pnhob","fnfyw","pncos","pncos","random","train"
"708",29,27,11,"jn7bbjc0","897","pnhns","fnfyw","pncos","pncos","random","train"
"709",3,3,15,"jn7bbjc0","4178","fdfyw","fdfyw","fnmyw","fdfyw","check",NA
"710",24,19,6,"jn7bbjc0","1127","pncnb","pdcos","fdmyb","pdcos","validation","train"
"711",17,12,13,"jn7bbjc0","2612","pdcns","fnmow","fnmob","fnmob","validation","train"
"712",11,6,24,"jn7bbjc0","1335","fnfyw","fdmyb","pncnb","fdmyb","random","train"
"713",11,20,30,"jn7bbjc0","2736","fnfyw","pdhnb","pnhob","pdhnb","random","train"
"714",11,14,5,"jn7bbjc0","1723","fnfyw","fdmow","fnmyb","fnmyb","random","train"
"715",20,31,25,"jn7bbjc0","1717","pdhnb","pncns","pnhos","pnhos","random","train"
"716",16,16,6,"jn7bbjc0","1626","pdcnb","pdcnb","fdmyb","pdcnb","check",NA
"717",30,28,27,"jn7bbjc0","1802","pnhob","pncos","pnhnb","pnhnb","random","train"
"718",27,9,11,"jn7bbjc0","1556","pncos","fnfow","fnfyw","fnfow","random","train"
"719",16,20,4,"jn7bbjc0","1731","pdcnb","pdhnb","fdmob","pdhnb","validation","train"
"720",11,29,17,"jn7bbjc0","2456","fnfyw","pnhns","pdcns","pnhns","random","train"
"721",16,11,12,"jn7bbjc0","2078","pdcnb","fnmob","fnfyw","fnfyw","random","train"
"722",29,11,8,"jn7bbjc0","1669","pnhns","fnfob","fnfyw","fnfyw","random","train"
"723",21,18,26,"jn7bbjc0","1992","pdhns","pdcob","pncob","pdcob","random","train"
"724",27,25,31,"jn7bbjc0","2071","pncos","pncns","pnhos","pncns","random","train"
"725",5,7,11,"jn7bbjc0","2058","fdmow","fdmyw","fnfyw","fdmyw","validation","train"
"726",11,19,22,"jn7bbjc0","6232","fnfyw","pdhob","pdcos","pdcos","random","train"
"727",24,21,14,"jn7bbjc0","5243","pncnb","pdhns","fnmyb","pdhns","random","train"
"728",4,1,30,"jn7bbjc0","1959","fdmob","fdfow","pnhob","fdfow","validation","train"
"729",18,4,16,"jn7bbjc0","1591","pdcob","pdcnb","fdmob","fdmob","random","train"
"730",29,8,7,"jn7bbjc0","3748","pnhns","fnfob","fdmyw","fnfob","random","train"
"731",31,30,24,"jn7bbjc0","2063","pnhos","pncnb","pnhob","pnhob","random","train"
"732",4,6,5,"jn7bbjc0","1514","fdmob","fdmyb","fdmow","fdmyb","validation","train"
"733",24,21,23,"jn7bbjc0","1718","pncnb","pdhns","pdhos","pdhns","random","train"
"734",29,23,15,"jn7bbjc0","1589","pnhns","fnmyw","pdhos","pdhos","random","train"
"735",11,19,23,"jn7bbjc0","3922","fnfyw","pdcos","pdhos","pdcos","random","test"
"736",20,3,6,"jn7bbjc0","1655","pdhnb","fdmyb","fdfyw","fdfyw","random","train"
"737",19,4,15,"jn7bbjc0","1992","pdcos","fdmob","fnmyw","fdmob","random","train"
"738",7,9,25,"jn7bbjc0","1515","fdmyw","pncns","fnfow","fnfow","random","train"
"739",22,20,8,"jn7bbjc0","2220","pdhob","fnfob","pdhnb","pdhnb","random","train"
"740",27,21,11,"jn7bbjc0","1900","pncos","pdhns","fnfyw","pdhns","random","train"
"741",5,2,27,"jn7bbjc0","2660","fdmow","pncos","fdfyb","fdfyb","random","train"
"742",1,4,18,"jn7bbjc0","1516","fdfow","fdmob","pdcob","fdmob","random","train"
"743",5,19,30,"jn7bbjc0","2014","fdmow","pdcos","pnhob","pdcos","random","train"
"744",29,30,1,"jn7bbjc0","1807","pnhns","fdfow","pnhob","pnhob","random","train"
"745",19,22,20,"jn7bbjc0","2587","pdcos","pdhnb","pdhob","pdhob","random","train"
"746",11,7,25,"jn7bbjc0","4124","fnfyw","pncns","fdmyw","fdmyw","random","train"
"747",0,1,28,"jn7bbjc0","1472","fdfob","fdfow","pnhnb","fdfow","random","test"
"748",29,30,17,"jn7bbjc0","1901","pnhns","pnhob","pdcns","pnhob","random","train"
"749",24,21,15,"jn7bbjc0","1874","pncnb","pdhns","fnmyw","pdhns","random","train"
"750",20,16,29,"jn7bbjc0","2845","pdhnb","pdcnb","pnhns","pdcnb","random","train"
"751",4,22,21,"jn7bbjc0","2797","fdmob","pdhns","pdhob","pdhob","random","train"
"752",16,17,27,"jn7bbjc0","2813","pdcnb","pdcns","pncos","pdcns","random","test"
"753",14,14,31,"jn7bbjc0","1370","fnmyb","pnhos","fnmyb","fnmyb","check",NA
"754",0,2,25,"jn7bbjc0","1731","fdfob","fdfyb","pncns","fdfyb","random","train"
"755",17,5,0,"jn7bbjc0","2799","pdcns","fdfob","fdmow","fdmow","random","train"
"756",7,5,25,"jn7bbjc0","1853","fdmyw","pncns","fdmow","fdmow","random","train"
"757",28,23,13,"jn7bbjc0","1415","pnhnb","fnmow","pdhos","pdhos","random","train"
"758",19,21,7,"jn7bbjc0","1819","pdcos","pdhns","fdmyw","pdhns","random","train"
"759",3,25,24,"jn7bbjc0","2391","fdfyw","pncns","pncnb","pncns","random","train"
"760",20,30,13,"jn7bbjc0","2039","pdhnb","pnhob","fnmow","pnhob","random","train"
"761",26,7,6,"jn7bbjc0","3195","pncob","fdmyb","fdmyw","fdmyw","random","train"
"762",16,6,0,"jn7bbjc0","2340","pdcnb","fdmyb","fdfob","fdmyb","random","train"
"763",15,14,4,"jn7bbjc0","3977","fnmyw","fdmob","fnmyb","fnmyb","random","train"
"764",23,4,10,"jn7bbjc0","2455","pdhos","fdmob","fnfyb","fdmob","random","test"
"765",19,21,1,"jn7bbjc0","2874","pdcos","fdfow","pdhns","pdhns","random","train"
"766",14,15,31,"jn7bbjc0","1712","fnmyb","pnhos","fnmyw","fnmyw","random","train"
"767",7,14,19,"jn7bbjc0","2757","fdmyw","fnmyb","pdcos","fnmyb","random","train"
"768",26,20,1,"jn7bbjc0","2731","pncob","pdhnb","fdfow","pdhnb","random","train"
"769",15,16,31,"jn7bbjc0","2681","fnmyw","pnhos","pdcnb","pdcnb","validation","train"
"770",25,15,8,"jn7bbjc0","2303","pncns","fnfob","fnmyw","fnmyw","random","train"
"771",6,28,18,"jn7bbjc0","2411","fdmyb","pnhnb","pdcob","pnhnb","random","train"
"772",30,15,2,"jn7bbjc0","2785","pnhob","fnmyw","fdfyb","fnmyw","random","test"
"773",12,5,22,"jn7bbjc0","3176","fnmob","fdmow","pdhob","fdmow","random","train"
"774",19,24,29,"jn7bbjc0","1621","pdcos","pncnb","pnhns","pncnb","random","train"
"775",18,19,20,"jn7bbjc0","1664","pdcob","pdcos","pdhnb","pdcos","random","train"
"776",9,23,16,"jn7bbjc0","2779","fnfow","pdcnb","pdhos","pdhos","random","test"
"777",19,0,9,"jn7bbjc0","2366","pdcos","fnfow","fdfob","fdfob","random","train"
"778",8,7,21,"jn7bbjc0","3609","fnfob","fdmyw","pdhns","fdmyw","random","train"
"779",18,27,29,"jn7bbjc0","1725","pdcob","pncos","pnhns","pncos","random","train"
"780",7,25,23,"jn7bbjc0","2679","fdmyw","pdhos","pncns","pncns","random","train"
"781",20,29,19,"jn7bbjc0","1787","pdhnb","pdcos","pnhns","pnhns","random","train"
"782",29,22,8,"jn7bbjc0","1740","pnhns","pdhob","fnfob","pdhob","random","train"
"783",22,16,0,"jn7bbjc0","1710","pdhob","fdfob","pdcnb","pdcnb","random","train"
"784",20,23,13,"jn7bbjc0","1904","pdhnb","fnmow","pdhos","pdhos","random","test"
"785",11,13,22,"jn7bbjc0","2057","fnfyw","pdhob","fnmow","fnmow","random","train"
"786",27,18,24,"jn7bbjc0","2427","pncos","pdcob","pncnb","pdcob","random","train"
"787",15,1,20,"jn7bbjc0","2012","fnmyw","pdhnb","fdfow","fdfow","random","train"
"788",5,5,4,"jn7bbjc0","1375","fdmow","fdmow","fdmob","fdmow","check",NA
"789",23,28,15,"jn7bbjc0","1565","pdhos","fnmyw","pnhnb","pnhnb","random","train"
"790",14,28,31,"jn7bbjc0","1741","fnmyb","pnhos","pnhnb","pnhnb","validation","train"
"791",16,21,29,"jn7bbjc0","1686","pdcnb","pdhns","pnhns","pdhns","random","train"
"792",10,16,30,"jn7bbjc0","2195","fnfyb","pnhob","pdcnb","pdcnb","random","train"
"793",6,2,16,"jn7bbjc0","966","fdmyb","pdcnb","fdfyb","fdfyb","random","train"
"794",9,22,20,"jn7bbjc0","1389","fnfow","pdhnb","pdhob","pdhob","random","test"
"795",4,18,26,"jn7bbjc0","1743","fdmob","pdcob","pncob","pdcob","random","train"
"796",17,16,18,"jn7bbjc0","2008","pdcns","pdcob","pdcnb","pdcnb","validation","train"
"797",25,3,0,"jn7bbjc0","1993","pncns","fdfyw","fdfob","fdfyw","random","train"
"798",28,26,7,"jn7bbjc0","1996","pnhnb","fdmyw","pncob","pncob","random","train"
"799",6,14,12,"jn7bbjc0","4416","fdmyb","fnmyb","fnmob","fnmyb","random","train"
"800",25,10,5,"jn7bbjc0","2305","pncns","fnfyb","fdmow","fnfyb","random","train"
"801",11,20,21,"jn7bbjc0","3303","fnfyw","pdhnb","pdhns","pdhnb","random","train"
"802",25,23,4,"jn7bbjc0","2272","pncns","fdmob","pdhos","pdhos","random","train"
"803",12,4,14,"jn7bbjc0","2663","fnmob","fdmob","fnmyb","fdmob","validation","train"
"804",23,0,4,"jn7bbjc0","1642","pdhos","fdfob","fdmob","fdfob","random","train"
"805",12,11,17,"jn7bbjc0","1920","fnmob","fnfyw","pdcns","fnfyw","random","train"
"806",0,22,29,"jn7bbjc0","2040","fdfob","pdhob","pnhns","pdhob","random","train"
"807",25,21,10,"jn7bbjc0","1049","pncns","pdhns","fnfyb","pdhns","random","train"
"808",2,14,19,"jn7bbjc0","2463","fdfyb","fnmyb","pdcos","fnmyb","random","train"
"809",5,26,25,"jn7bbjc0","2472","fdmow","pncns","pncob","pncob","random","train"
"810",10,6,16,"jn7bbjc0","2090","fnfyb","fdmyb","pdcnb","fdmyb","validation","train"
"811",28,7,3,"jn7bbjc0","2437","pnhnb","fdmyw","fdfyw","fdmyw","random","train"
"812",23,0,4,"jn7bbjc0","1730","pdhos","fdmob","fdfob","fdfob","random","train"
"813",24,31,9,"jn7bbjc0","1733","pncnb","pnhos","fnfow","pnhos","random","train"
"814",31,29,5,"jn7bbjc0","1974","pnhos","pnhns","fdmow","pnhns","random","train"
"815",23,24,13,"jn7bbjc0","2084","pdhos","pncnb","fnmow","pncnb","validation","train"
"816",24,19,15,"jn7bbjc0","2791","pncnb","pdcos","fnmyw","pdcos","random","train"
"817",4,7,0,"jn7bbjc0","3212","fdmob","fdfob","fdmyw","fdmyw","random","train"
"818",26,16,31,"jn7bbjc0","1666","pncob","pdcnb","pnhos","pdcnb","random","test"
"819",1,1,5,"jn7bbjc0","1539","fdfow","fdmow","fdfow","fdfow","check",NA
"820",8,12,30,"jn7bbjc0","1490","fnfob","pnhob","fnmob","fnmob","random","train"
"821",8,8,17,"jn7bbjc0","1807","fnfob","fnfob","pdcns","fnfob","check",NA
"822",28,9,4,"jn7bbjc0","1532","pnhnb","fnfow","fdmob","fnfow","random","train"
"823",11,13,24,"jn7bbjc0","1780","fnfyw","pncnb","fnmow","fnmow","random","train"
"824",8,30,29,"jn7bbjc0","1773","fnfob","pnhns","pnhob","pnhob","random","test"
"825",16,27,30,"jn7bbjc0","3035","pdcnb","pncos","pnhob","pncos","random","test"
"826",10,12,4,"jn7bbjc0","3572","fnfyb","fdmob","fnmob","fnmob","random","train"
"827",26,25,12,"jn7bbjc0","2289","pncob","pncns","fnmob","pncns","random","train"
"828",18,18,11,"jn7bbjc0","1876","pdcob","pdcob","fnfyw","pdcob","check",NA
"829",1,18,27,"jn7bbjc0","2131","fdfow","pdcob","pncos","pdcob","random","train"
"830",24,18,14,"jn7bbjc0","1770","pncnb","pdcob","fnmyb","pdcob","random","test"
"831",19,1,10,"jn7bbjc0","2758","pdcos","fnfyb","fdfow","fdfow","random","train"
"832",8,27,25,"jn7bbjc0","3787","fnfob","pncos","pncns","pncos","random","train"
"833",5,3,18,"jn7bbjc0","1680","fdmow","pdcob","fdfyw","fdfyw","random","test"
"834",29,31,0,"jn7bbjc0","1439","pnhns","pnhos","fdfob","pnhos","random","train"
"835",8,29,21,"jn7bbjc0","2328","fnfob","pdhns","pnhns","pnhns","random","train"
"836",9,6,24,"jn7bbjc0","2109","fnfow","pncnb","fdmyb","fdmyb","random","train"
"837",14,9,0,"jn7bbjc0","2090","fnmyb","fdfob","fnfow","fnfow","random","train"
"838",16,27,4,"jn7bbjc0","2018","pdcnb","fdmob","pncos","pncos","random","train"
"839",6,2,3,"jn7bbjc0","1911","fdmyb","fdfyw","fdfyb","fdfyb","random","train"
"840",14,9,24,"jn7bbjc0","1709","fnmyb","fnfow","pncnb","fnfow","random","test"
"841",29,20,4,"jn7bbjc0","1629","pnhns","pdhnb","fdmob","pdhnb","random","train"
"842",12,30,20,"jn7bbjc0","1354","fnmob","pdhnb","pnhob","pnhob","random","train"
"843",29,27,13,"jn7bbjc0","1688","pnhns","pncos","fnmow","pncos","random","test"
"844",17,17,13,"jn7bbjc0","2868","pdcns","pdcns","fnmow","pdcns","check",NA
"845",13,23,18,"jn7bbjc0","2257","fnmow","pdcob","pdhos","pdhos","random","train"
"846",23,13,3,"jn7bbjc0","3148","pdhos","fdfyw","fnmow","fnmow","random","train"
"847",14,0,17,"jn7bbjc0","3502","fnmyb","fdfob","pdcns","fdfob","validation","train"
"848",25,19,9,"jn7bbjc0","1720","pncns","pdcos","fnfow","pdcos","random","train"
"849",21,7,4,"jn7bbjc0","1690","pdhns","fdmyw","fdmob","fdmyw","random","train"
"850",19,21,8,"jn7bbjc0","3955","pdcos","fnfob","pdhns","pdhns","random","train"
"851",23,22,15,"jn7bbjc0","1401","pdhos","pdhob","fnmyw","pdhob","random","train"
"852",2,29,26,"jn7bbjc0","2777","fdfyb","pnhns","pncob","pnhns","random","train"
"853",5,13,0,"jn7bbjc0","3161","fdmow","fdfob","fnmow","fnmow","random","train"
"854",22,1,11,"jn7bbjc0","4539","pdhob","fdfow","fnfyw","fdfow","random","train"
"855",6,3,29,"jn7bbjc0","3855","fdmyb","fdfyw","pnhns","fdfyw","random","train"
"856",8,18,16,"jn7bbjc0","2291","fnfob","pdcnb","pdcob","pdcob","random","test"
"857",10,10,27,"jn7bbjc0","1760","fnfyb","pncos","fnfyb","fnfyb","check",NA
"858",28,31,9,"jn7bbjc0","1242","pnhnb","pnhos","fnfow","pnhos","random","train"
"859",4,2,16,"jn7bbjc0","2385","fdmob","fdfyb","pdcnb","fdfyb","random","train"
"860",6,10,16,"jn7bbjc0","3022","fdmyb","fnfyb","pdcnb","fnfyb","random","train"
"861",21,20,29,"jn7bbjc0","1680","pdhns","pnhns","pdhnb","pdhnb","random","train"
"862",14,4,27,"jn7bbjc0","1965","fnmyb","fdmob","pncos","fdmob","random","train"
"863",3,22,26,"jn7bbjc0","1897","fdfyw","pncob","pdhob","pdhob","random","train"
"864",11,0,23,"jn7bbjc0","1799","fnfyw","fdfob","pdhos","fdfob","random","train"
"865",26,27,0,"jn7bbjc0","1724","pncob","pncos","fdfob","pncos","random","train"
"866",28,23,18,"jn7bbjc0","1928","pnhnb","pdcob","pdhos","pdhos","random","train"
"867",3,17,22,"jn7bbjc0","2136","fdfyw","pdcns","pdhob","pdcns","random","test"
"868",18,25,23,"jn7bbjc0","2982","pdcob","pdhos","pncns","pncns","random","train"
"869",4,31,20,"jn7bbjc0","1685","fdmob","pnhos","pdhnb","pnhos","random","train"
"870",0,4,5,"jn7bbjc0","2736","fdfob","fdmow","fdmob","fdmob","random","train"
"871",1,9,17,"jn7bbjc0","3077","fdfow","pdcns","fnfow","fnfow","random","train"
"872",5,15,20,"jn7bbjc0","1563","fdmow","pdhnb","fnmyw","fnmyw","validation","train"
"873",22,16,1,"jn7bbjc0","2005","pdhob","fdfow","pdcnb","pdcnb","random","test"
"874",9,14,28,"jn7bbjc0","1204","fnfow","fnmyb","pnhnb","fnmyb","random","train"
"875",4,9,24,"jn7bbjc0","1356","fdmob","fnfow","pncnb","fnfow","random","train"
"876",26,30,4,"jn7bbjc0","1430","pncob","fdmob","pnhob","pnhob","random","train"
"877",18,31,0,"jn7bbjc0","1890","pdcob","fdfob","pnhos","pnhos","validation","train"
"878",1,10,13,"jn7bbjc0","1545","fdfow","fnfyb","fnmow","fnfyb","random","train"
"879",12,11,3,"jn7bbjc0","1706","fnmob","fdfyw","fnfyw","fnfyw","random","train"
"880",15,4,2,"jn7bbjc0","1557","fnmyw","fdfyb","fdmob","fdmob","random","train"
"881",11,1,22,"jn7bbjc0","1236","fnfyw","fdfow","pdhob","fdfow","random","train"
"882",6,0,23,"jn7bbjc0","1363","fdmyb","pdhos","fdfob","fdfob","validation","train"
"883",2,13,28,"jn7bbjc0","1288","fdfyb","pnhnb","fnmow","fnmow","random","train"
"884",4,8,17,"jn7bbjc0","1118","fdmob","fnfob","pdcns","fnfob","random","train"
"885",6,10,17,"jn7bbjc0","2730","fdmyb","pdcns","fnfyb","fnfyb","validation","train"
"886",25,17,2,"jn7bbjc0","2774","pncns","pdcns","fdfyb","pdcns","random","train"
"887",12,12,9,"jn7bbjc0","1326","fnmob","fnfow","fnmob","fnmob","check",NA
"888",19,25,12,"jn7bbjc0","1222","pdcos","fnmob","pncns","pncns","random","test"
"889",15,4,23,"jn7bbjc0","1343","fnmyw","pdhos","fdmob","fdmob","random","train"
"890",12,1,18,"jn7bbjc0","1498","fnmob","fdfow","pdcob","fdfow","random","train"
"891",10,7,22,"jn7bbjc0","1265","fnfyb","pdhob","fdmyw","fdmyw","random","train"
"892",18,16,25,"jn7bbjc0","2495","pdcob","pncns","pdcnb","pdcnb","random","train"
"893",30,5,14,"jn7bbjc0","2234","pnhob","fnmyb","fdmow","fdmow","random","train"
"894",7,9,17,"jn7bbjc0","2112","fdmyw","fnfow","pdcns","fnfow","random","train"
"895",9,0,16,"jn7bbjc0","1868","fnfow","pdcnb","fdfob","fdfob","random","train"
"896",24,22,13,"jn7bbjc0","1384","pncnb","pdhob","fnmow","pdhob","validation","train"
"897",16,30,11,"jn7bbjc0","2205","pdcnb","fnfyw","pnhob","pnhob","random","train"
"898",22,30,6,"jn7bbjc0","1425","pdhob","fdmyb","pnhob","pnhob","random","test"
"899",21,28,30,"jn7bbjc0","3225","pdhns","pnhnb","pnhob","pnhnb","random","train"
"900",29,20,8,"jn7bbjc0","1456","pnhns","pdhnb","fnfob","pdhnb","random","train"
"901",15,11,24,"jn7bbjc0","1994","fnmyw","fnfyw","pncnb","fnfyw","random","test"
"902",0,10,5,"jn7bbjc0","1556","fdfob","fdmow","fnfyb","fnfyb","random","test"
"903",20,29,12,"jn7bbjc0","1343","pdhnb","pnhns","fnmob","pnhns","random","train"
"904",10,28,23,"jn7bbjc0","2200","fnfyb","pnhnb","pdhos","pnhnb","random","test"
"905",30,23,17,"jn7bbjc0","1379","pnhob","pdcns","pdhos","pdhos","random","train"
"906",2,9,28,"jn7bbjc0","2121","fdfyb","pnhnb","fnfow","fnfow","random","train"
"907",15,8,25,"jn7bbjc0","2158","fnmyw","pncns","fnfob","fnfob","random","train"
"908",14,21,20,"jn7bbjc0","3592","fnmyb","pdhns","pdhnb","pdhns","random","train"
"909",0,8,26,"jn7bbjc0","1571","fdfob","pncob","fnfob","fnfob","random","train"
"910",20,27,7,"jn7bbjc0","1668","pdhnb","pncos","fdmyw","pncos","random","train"
"911",27,5,14,"jn7bbjc0","2433","pncos","fdmow","fnmyb","fdmow","random","train"
"912",26,5,6,"jn7bbjc0","2033","pncob","fdmow","fdmyb","fdmow","random","train"
"913",16,27,8,"jn7bbjc0","1346","pdcnb","fnfob","pncos","pncos","random","train"
"914",28,26,13,"jn7bbjc0","1374","pnhnb","fnmow","pncob","pncob","random","train"
"915",25,19,22,"jn7bbjc0","1767","pncns","pdcos","pdhob","pdcos","random","train"
"916",25,24,15,"jn7bbjc0","1192","pncns","fnmyw","pncnb","pncnb","random","train"
"917",23,21,29,"jn7bbjc0","2759","pdhos","pnhns","pdhns","pdhns","random","train"
"918",28,27,13,"jn7bbjc0","1502","pnhnb","fnmow","pncos","pncos","validation","train"
"919",16,22,13,"jn7bbjc0","2036","pdcnb","pdhob","fnmow","pdhob","random","train"
"920",8,10,31,"jn7bbjc0","2126","fnfob","pnhos","fnfyb","fnfyb","random","train"
"921",28,13,26,"pbby694o","1988","pnhnb","fnmow","pncob","fnmow","random","train"
"922",21,21,8,"pbby694o","1144","pdhns","fnfob","pdhns","pdhns","check",NA
"923",24,18,6,"pbby694o","2140","pncnb","pdcob","fdmyb","pdcob","random","train"
"924",17,22,14,"pbby694o","1027","pdcns","fnmyb","pdhob","pdhob","random","train"
"925",3,3,25,"pbby694o","594","fdfyw","fdfyw","pncns","fdfyw","check",NA
"926",24,23,5,"pbby694o","2213","pncnb","fdmow","pdhos","pdhos","random","train"
"927",20,15,14,"pbby694o","4013","pdhnb","fnmyw","fnmyb","fnmyw","random","train"
"928",29,10,9,"pbby694o","2673","pnhns","fnfow","fnfyb","fnfyb","random","train"
"929",19,0,6,"pbby694o","1514","pdcos","fdmyb","fdfob","fdfob","random","train"
"930",17,16,18,"pbby694o","1772","pdcns","pdcob","pdcnb","pdcnb","validation","train"
"931",3,23,25,"pbby694o","1476","fdfyw","pdhos","pncns","pdhos","random","train"
"932",2,3,23,"pbby694o","1953","fdfyb","fdfyw","pdhos","fdfyw","random","train"
"933",20,4,8,"pbby694o","1041","pdhnb","fnfob","fdmob","fdmob","random","train"
"934",13,11,5,"pbby694o","1337","fnmow","fdmow","fnfyw","fnfyw","random","train"
"935",11,17,23,"pbby694o","1414","fnfyw","pdcns","pdhos","pdcns","random","train"
"936",28,3,7,"pbby694o","1959","pnhnb","fdmyw","fdfyw","fdfyw","random","test"
"937",12,14,4,"pbby694o","1641","fnmob","fdmob","fnmyb","fnmyb","validation","train"
"938",15,31,16,"pbby694o","1344","fnmyw","pnhos","pdcnb","pnhos","validation","train"
"939",14,12,13,"pbby694o","2306","fnmyb","fnmob","fnmow","fnmob","random","train"
"940",27,28,23,"pbby694o","1381","pncos","pdhos","pnhnb","pnhnb","random","train"
"941",22,18,29,"pbby694o","1200","pdhob","pdcob","pnhns","pdcob","validation","train"
"942",5,17,14,"pbby694o","1396","fdmow","pdcns","fnmyb","pdcns","random","train"
"943",25,20,4,"pbby694o","1907","pncns","fdmob","pdhnb","pdhnb","random","test"
"944",29,13,18,"pbby694o","1619","pnhns","pdcob","fnmow","fnmow","random","train"
"945",4,5,6,"pbby694o","1941","fdmob","fdmyb","fdmow","fdmow","validation","train"
"946",3,2,9,"pbby694o","1318","fdfyw","fnfow","fdfyb","fdfyb","random","train"
"947",22,13,15,"pbby694o","1536","pdhob","fnmyw","fnmow","fnmow","random","test"
"948",25,9,22,"pbby694o","1336","pncns","pdhob","fnfow","fnfow","random","train"
"949",28,21,22,"pbby694o","2000","pnhnb","pdhns","pdhob","pdhns","random","train"
"950",18,7,30,"pbby694o","1425","pdcob","pnhob","fdmyw","fdmyw","random","test"
"951",28,15,19,"pbby694o","1186","pnhnb","pdcos","fnmyw","fnmyw","random","train"
"952",20,5,30,"pbby694o","1434","pdhnb","fdmow","pnhob","fdmow","random","train"
"953",24,12,8,"pbby694o","2170","pncnb","fnmob","fnfob","fnmob","random","train"
"954",19,0,31,"pbby694o","1818","pdcos","pnhos","fdfob","fdfob","random","train"
"955",22,17,25,"pbby694o","1727","pdhob","pdcns","pncns","pdcns","random","train"
"956",17,7,22,"pbby694o","1547","pdcns","fdmyw","pdhob","fdmyw","random","train"
"957",11,10,12,"pbby694o","2187","fnfyw","fnfyb","fnmob","fnfyb","random","train"
"958",14,9,20,"pbby694o","2495","fnmyb","pdhnb","fnfow","fnfow","random","train"
"959",18,0,31,"pbby694o","1981","pdcob","fdfob","pnhos","fdfob","validation","train"
"960",6,0,23,"pbby694o","2505","fdmyb","pdhos","fdfob","fdfob","validation","train"
"961",2,23,13,"pbby694o","2272","fdfyb","fnmow","pdhos","pdhos","random","train"
"962",26,9,2,"pbby694o","1242","pncob","fnfow","fdfyb","fnfow","random","train"
"963",13,10,0,"pbby694o","1446","fnmow","fnfyb","fdfob","fnfyb","random","test"
"964",16,17,7,"pbby694o","2766","pdcnb","pdcns","fdmyw","pdcns","random","train"
"965",10,7,16,"pbby694o","4032","fnfyb","pdcnb","fdmyw","fdmyw","random","test"
"966",17,16,9,"pbby694o","1736","pdcns","fnfow","pdcnb","pdcnb","random","train"
"967",25,11,0,"pbby694o","1804","pncns","fdfob","fnfyw","fnfyw","random","test"
"968",9,25,28,"pbby694o","3533","fnfow","pncns","pnhnb","pncns","random","train"
"969",31,10,3,"pbby694o","1599","pnhos","fnfyb","fdfyw","fnfyb","random","train"
"970",10,15,19,"pbby694o","1280","fnfyb","fnmyw","pdcos","fnmyw","random","train"
"971",8,30,26,"pbby694o","2846","fnfob","pnhob","pncob","pnhob","random","train"
"972",31,31,14,"pbby694o","1450","pnhos","fnmyb","pnhos","pnhos","check",NA
"973",28,27,3,"pbby694o","2240","pnhnb","fdfyw","pncos","pncos","random","train"
"974",0,13,11,"pbby694o","2712","fdfob","fnfyw","fnmow","fnmow","random","train"
"975",31,26,17,"pbby694o","1618","pnhos","pdcns","pncob","pncob","random","test"
"976",17,1,14,"pbby694o","1707","pdcns","fdfow","fnmyb","fdfow","random","train"
"977",0,16,8,"pbby694o","1863","fdfob","pdcnb","fnfob","pdcnb","random","train"
"978",13,26,6,"pbby694o","1567","fnmow","fdmyb","pncob","pncob","random","train"
"979",7,10,30,"pbby694o","2035","fdmyw","pnhob","fnfyb","fnfyb","random","train"
"980",26,14,18,"pbby694o","3551","pncob","fnmyb","pdcob","fnmyb","random","train"
"981",31,28,4,"pbby694o","1928","pnhos","fdmob","pnhnb","pnhnb","random","train"
"982",6,22,31,"pbby694o","2484","fdmyb","pdhob","pnhos","pdhob","random","test"
"983",6,17,10,"pbby694o","2218","fdmyb","pdcns","fnfyb","pdcns","validation","train"
"984",12,0,22,"pbby694o","2777","fnmob","fdfob","pdhob","fdfob","random","train"
"985",5,2,10,"pbby694o","2372","fdmow","fdfyb","fnfyb","fdfyb","random","train"
"986",23,30,9,"pbby694o","3572","pdhos","fnfow","pnhob","pnhob","random","train"
"987",5,2,10,"pbby694o","1833","fdmow","fdfyb","fnfyb","fdfyb","random","train"
"988",3,22,31,"pbby694o","1511","fdfyw","pdhob","pnhos","pdhob","random","train"
"989",30,30,28,"pbby694o","1801","pnhob","pnhob","pnhnb","pnhob","check",NA
"990",27,12,24,"pbby694o","6105","pncos","pncnb","fnmob","fnmob","random","train"
"991",21,0,26,"pbby694o","1999","pdhns","fdfob","pncob","fdfob","random","train"
"992",1,5,9,"pbby694o","2036","fdfow","fdmow","fnfow","fdmow","random","test"
"993",20,4,28,"pbby694o","1329","pdhnb","fdmob","pnhnb","fdmob","random","train"
"994",29,14,3,"pbby694o","1497","pnhns","fnmyb","fdfyw","fnmyb","random","train"
"995",22,14,15,"pbby694o","2846","pdhob","fnmyb","fnmyw","fnmyb","random","train"
"996",9,13,0,"pbby694o","1688","fnfow","fdfob","fnmow","fnmow","random","train"
"997",24,23,4,"pbby694o","3049","pncnb","pdhos","fdmob","pdhos","random","train"
"998",4,1,30,"pbby694o","2518","fdmob","fdfow","pnhob","fdfow","validation","train"
"999",10,21,18,"pbby694o","1430","fnfyb","pdcob","pdhns","pdhns","random","train"
"1000",6,4,31,"pbby694o","1405","fdmyb","pnhos","fdmob","fdmob","random","test"
"1001",11,11,8,"pbby694o","1425","fnfyw","fnfyw","fnfob","fnfyw","check",NA
"1002",24,13,22,"pbby694o","1322","pncnb","pdhob","fnmow","fnmow","validation","train"
"1003",17,23,26,"pbby694o","1282","pdcns","pncob","pdhos","pdhos","random","train"
"1004",20,0,24,"pbby694o","1709","pdhnb","fdfob","pncnb","fdfob","random","train"
"1005",31,17,6,"pbby694o","3250","pnhos","fdmyb","pdcns","pdcns","random","train"
"1006",3,2,1,"pbby694o","3239","fdfyw","fdfow","fdfyb","fdfyb","random","test"
"1007",30,24,20,"pbby694o","1878","pnhob","pdhnb","pncnb","pncnb","random","train"
"1008",14,17,0,"pbby694o","2129","fnmyb","fdfob","pdcns","pdcns","validation","train"
"1009",16,20,4,"pbby694o","4042","pdcnb","pdhnb","fdmob","pdhnb","validation","train"
"1010",20,23,14,"pbby694o","2735","pdhnb","fnmyb","pdhos","pdhos","random","train"
"1011",22,16,27,"pbby694o","2757","pdhob","pdcnb","pncos","pdcnb","random","train"
"1012",28,11,14,"pbby694o","3265","pnhnb","fnfyw","fnmyb","fnfyw","random","train"
"1013",22,28,25,"pbby694o","2675","pdhob","pncns","pnhnb","pnhnb","random","train"
"1014",19,4,13,"pbby694o","1282","pdcos","fdmob","fnmow","fdmob","random","train"
"1015",27,31,21,"pbby694o","1745","pncos","pnhos","pdhns","pnhos","random","train"
"1016",14,28,31,"pbby694o","1329","fnmyb","pnhos","pnhnb","pnhnb","validation","train"
"1017",26,8,23,"pbby694o","1818","pncob","fnfob","pdhos","fnfob","random","train"
"1018",4,12,24,"pbby694o","3719","fdmob","fnmob","pncnb","fnmob","random","train"
"1019",12,14,15,"pbby694o","3061","fnmob","fnmyw","fnmyb","fnmyb","random","train"
"1020",28,16,3,"pbby694o","2052","pnhnb","pdcnb","fdfyw","pdcnb","random","train"
"1021",6,5,9,"pbby694o","1595","fdmyb","fnfow","fdmow","fdmow","random","train"
"1022",25,31,1,"pbby694o","1322","pncns","pnhos","fdfow","pnhos","random","test"
"1023",29,14,21,"pbby694o","1867","pnhns","fnmyb","pdhns","fnmyb","random","train"
"1024",13,10,1,"pbby694o","1276","fnmow","fnfyb","fdfow","fnfyb","random","train"
"1025",6,3,20,"pbby694o","2006","fdmyb","fdfyw","pdhnb","fdfyw","random","train"
"1026",24,19,6,"pbby694o","1805","pncnb","pdcos","fdmyb","pdcos","validation","train"
"1027",15,11,21,"pbby694o","1582","fnmyw","pdhns","fnfyw","fnfyw","random","train"
"1028",25,16,23,"pbby694o","3047","pncns","pdcnb","pdhos","pdcnb","random","test"
"1029",3,6,10,"pbby694o","1783","fdfyw","fnfyb","fdmyb","fdmyb","random","train"
"1030",5,18,28,"pbby694o","1711","fdmow","pnhnb","pdcob","pdcob","random","train"
"1031",28,27,13,"pbby694o","2762","pnhnb","fnmow","pncos","pncos","validation","train"
"1032",2,9,26,"pbby694o","2525","fdfyb","fnfow","pncob","fnfow","random","train"
"1033",26,13,1,"pbby694o","1114","pncob","fnmow","fdfow","fnmow","random","test"
"1034",9,21,16,"pbby694o","3600","fnfow","pdhns","pdcnb","pdhns","random","train"
"1035",31,25,18,"pbby694o","1718","pnhos","pdcob","pncns","pncns","random","train"
"1036",14,24,7,"pbby694o","1372","fnmyb","fdmyw","pncnb","pncnb","random","train"
"1037",14,24,18,"pbby694o","1374","fnmyb","pncnb","pdcob","pncnb","random","train"
"1038",21,20,24,"pbby694o","2134","pdhns","pncnb","pdhnb","pdhnb","random","train"
"1039",7,2,27,"pbby694o","1420","fdmyw","fdfyb","pncos","fdfyb","random","train"
"1040",9,3,23,"pbby694o","2450","fnfow","pdhos","fdfyw","fdfyw","random","test"
"1041",27,8,25,"pbby694o","2836","pncos","fnfob","pncns","fnfob","random","train"
"1042",0,12,13,"pbby694o","4872","fdfob","fnmow","fnmob","fnmob","random","train"
"1043",2,0,19,"pbby694o","2462","fdfyb","pdcos","fdfob","fdfob","random","train"
"1044",19,3,7,"pbby694o","2784","pdcos","fdmyw","fdfyw","fdfyw","random","train"
"1045",27,10,6,"pbby694o","1257","pncos","fnfyb","fdmyb","fnfyb","random","train"
"1046",13,23,2,"pbby694o","2628","fnmow","fdfyb","pdhos","pdhos","random","train"
"1047",17,24,15,"pbby694o","2512","pdcns","pncnb","fnmyw","pncnb","random","train"
"1048",15,26,18,"pbby694o","1475","fnmyw","pdcob","pncob","pncob","random","train"
"1049",4,17,31,"pbby694o","4078","fdmob","pdcns","pnhos","pdcns","random","train"
"1050",27,29,28,"pbby694o","2586","pncos","pnhnb","pnhns","pnhns","random","test"
"1051",26,9,11,"pbby694o","2361","pncob","fnfow","fnfyw","fnfow","random","train"
"1052",9,11,16,"pbby694o","710","fnfow","pdcnb","fnfyw","fnfyw","random","train"
"1053",26,17,2,"pbby694o","2652","pncob","fdfyb","pdcns","pdcns","random","train"
"1054",2,16,28,"pbby694o","1374","fdfyb","pdcnb","pnhnb","pdcnb","random","train"
"1055",15,29,25,"pbby694o","1932","fnmyw","pncns","pnhns","pnhns","random","train"
"1056",28,24,22,"pbby694o","1501","pnhnb","pdhob","pncnb","pncnb","random","train"
"1057",8,28,19,"pbby694o","1671","fnfob","pdcos","pnhnb","pnhnb","random","train"
"1058",28,8,0,"pbby694o","1664","pnhnb","fdfob","fnfob","fnfob","random","train"
"1059",20,22,12,"pbby694o","1862","pdhnb","fnmob","pdhob","pdhob","random","test"
"1060",22,12,11,"pbby694o","1996","pdhob","fnmob","fnfyw","fnmob","random","train"
"1061",26,4,2,"pbby694o","1677","pncob","fdmob","fdfyb","fdmob","random","test"
"1062",23,12,9,"pbby694o","2520","pdhos","fnmob","fnfow","fnmob","random","train"
"1063",5,20,31,"pbby694o","1752","fdmow","pdhnb","pnhos","pdhnb","random","train"
"1064",24,29,27,"pbby694o","1642","pncnb","pnhns","pncos","pnhns","random","test"
"1065",10,25,5,"pbby694o","1590","fnfyb","pncns","fdmow","pncns","random","train"
"1066",20,10,30,"pbby694o","2404","pdhnb","pnhob","fnfyb","fnfyb","random","train"
"1067",15,28,27,"pbby694o","1841","fnmyw","pnhnb","pncos","pnhnb","random","train"
"1068",31,18,4,"pbby694o","2527","pnhos","fdmob","pdcob","pdcob","random","train"
"1069",24,25,27,"pbby694o","1605","pncnb","pncns","pncos","pncns","random","train"
"1070",29,1,5,"pbby694o","3327","pnhns","fdmow","fdfow","fdfow","random","train"
"1071",5,7,11,"pbby694o","2360","fdmow","fdmyw","fnfyw","fdmyw","validation","train"
"1072",23,20,0,"pbby694o","1470","pdhos","fdfob","pdhnb","pdhnb","random","test"
"1073",2,3,16,"pbby694o","1928","fdfyb","pdcnb","fdfyw","fdfyw","random","train"
"1074",19,17,4,"pbby694o","1672","pdcos","fdmob","pdcns","pdcns","random","train"
"1075",2,31,30,"pbby694o","2362","fdfyb","pnhob","pnhos","pnhos","random","train"
"1076",18,19,13,"pbby694o","1939","pdcob","fnmow","pdcos","pdcos","random","train"
"1077",3,0,18,"pbby694o","2158","fdfyw","pdcob","fdfob","fdfob","random","train"
"1078",22,31,27,"pbby694o","2468","pdhob","pnhos","pncos","pnhos","random","test"
"1079",4,21,13,"pbby694o","1852","fdmob","fnmow","pdhns","pdhns","random","train"
"1080",14,10,11,"pbby694o","2032","fnmyb","fnfyw","fnfyb","fnfyb","random","train"
"1081",6,4,22,"pbby694o","2021","fdmyb","fdmob","pdhob","fdmob","random","train"
"1082",0,2,31,"pbby694o","1837","fdfob","fdfyb","pnhos","fdfyb","random","train"
"1083",3,11,15,"pbby694o","2185","fdfyw","fnfyw","fnmyw","fnfyw","random","train"
"1084",24,14,21,"pbby694o","2071","pncnb","pdhns","fnmyb","fnmyb","random","train"
"1085",9,31,17,"pbby694o","1953","fnfow","pnhos","pdcns","pnhos","random","train"
"1086",4,17,13,"pbby694o","1705","fdmob","pdcns","fnmow","pdcns","random","test"
"1087",11,11,18,"pbby694o","1814","fnfyw","pdcob","fnfyw","fnfyw","check",NA
"1088",25,14,0,"pbby694o","1804","pncns","fnmyb","fdfob","fnmyb","random","train"
"1089",15,12,1,"pbby694o","1962","fnmyw","fdfow","fnmob","fnmob","random","train"
"1090",27,18,22,"pbby694o","3207","pncos","pdhob","pdcob","pdcob","random","test"
"1091",8,1,23,"pbby694o","2629","fnfob","fdfow","pdhos","fdfow","random","train"
"1092",15,11,30,"pbby694o","1726","fnmyw","fnfyw","pnhob","fnfyw","random","test"
"1093",27,18,5,"pbby694o","2109","pncos","pdcob","fdmow","pdcob","random","train"
"1094",4,4,13,"pbby694o","2439","fdmob","fdmob","fnmow","fdmob","check",NA
"1095",31,13,15,"pbby694o","2903","pnhos","fnmyw","fnmow","fnmow","random","train"
"1096",13,26,14,"pbby694o","2085","fnmow","fnmyb","pncob","pncob","random","train"
"1097",21,14,22,"pbby694o","1704","pdhns","fnmyb","pdhob","fnmyb","random","train"
"1098",23,24,13,"pbby694o","2668","pdhos","pncnb","fnmow","pncnb","validation","train"
"1099",2,10,27,"pbby694o","1571","fdfyb","pncos","fnfyb","fnfyb","random","train"
"1100",17,12,13,"pbby694o","3495","pdcns","fnmow","fnmob","fnmob","validation","train"
"1101",30,28,16,"pbby694o","1698","pnhob","pnhnb","pdcnb","pnhnb","random","test"
"1102",13,8,15,"pbby694o","1734","fnmow","fnmyw","fnfob","fnfob","random","train"
"1103",30,24,12,"pbby694o","1756","pnhob","pncnb","fnmob","pncnb","random","train"
"1104",1,19,9,"pbby694o","1685","fdfow","pdcos","fnfow","pdcos","random","test"
"1105",3,5,23,"pbby694o","2423","fdfyw","pdhos","fdmow","fdmow","random","train"
"1106",3,31,27,"pbby694o","3016","fdfyw","pncos","pnhos","pnhos","random","train"
"1107",3,23,24,"pbby694o","1572","fdfyw","pdhos","pncnb","pdhos","random","train"
"1108",4,14,11,"pbby694o","2703","fdmob","fnmyb","fnfyw","fnmyb","random","train"
"1109",21,5,0,"pbby694o","3717","pdhns","fdfob","fdmow","fdmow","random","train"
"1110",31,14,0,"pbby694o","915","pnhos","fnmyb","fdfob","fnmyb","random","train"
"1111",9,29,5,"pbby694o","1562","fnfow","fdmow","pnhns","pnhns","random","train"
"1112",22,4,8,"pbby694o","1458","pdhob","fdmob","fnfob","fdmob","random","train"
"1113",12,18,21,"pbby694o","2509","fnmob","pdhns","pdcob","pdcob","random","train"
"1114",10,6,16,"pbby694o","1779","fnfyb","fdmyb","pdcnb","fdmyb","validation","train"
"1115",15,15,19,"pbby694o","1282","fnmyw","pdcos","fnmyw","fnmyw","check",NA
"1116",12,25,28,"pbby694o","2668","fnmob","pnhnb","pncns","pncns","random","train"
"1117",10,31,7,"pbby694o","1512","fnfyb","fdmyw","pnhos","pnhos","random","train"
"1118",15,11,12,"pbby694o","3289","fnmyw","fnfyw","fnmob","fnfyw","random","train"
"1119",28,31,3,"pbby694o","1542","pnhnb","fdfyw","pnhos","pnhos","random","test"
"1120",16,0,28,"pbby694o","971","pdcnb","pnhnb","fdfob","fdfob","random","train"
"1121",6,2,26,"pbby694o","1451","fdmyb","fdfyb","pncob","fdfyb","random","train"
"1122",4,14,15,"pbby694o","2308","fdmob","fnmyb","fnmyw","fnmyb","random","train"
"1123",0,23,28,"pbby694o","1420","fdfob","pnhnb","pdhos","pdhos","random","train"
"1124",16,21,27,"pbby694o","1231","pdcnb","pdhns","pncos","pdhns","random","train"
"1125",16,16,29,"pbby694o","986","pdcnb","pnhns","pdcnb","pdcnb","check",NA
"1126",5,30,26,"pbby694o","2079","fdmow","pnhob","pncob","pnhob","random","train"
"1127",25,21,0,"pbby694o","3697","pncns","pdhns","fdfob","pdhns","random","train"
"1128",27,31,5,"pbby694o","1653","pncos","pnhos","fdmow","pnhos","random","train"
"1129",16,28,29,"pbby694o","2105","pdcnb","pnhns","pnhnb","pnhnb","random","test"
"1130",26,0,1,"pbby694o","2581","pncob","fdfow","fdfob","fdfob","random","train"
"1131",5,2,13,"pbby694o","1310","fdmow","fnmow","fdfyb","fdfyb","random","test"
"1132",2,2,12,"pbby694o","1507","fdfyb","fdfyb","fnmob","fdfyb","check",NA
"1133",2,5,11,"pbby694o","1460","fdfyb","fnfyw","fdmow","fdmow","random","train"
"1134",1,2,12,"pbby694o","1795","fdfow","fdfyb","fnmob","fdfyb","random","test"
"1135",4,16,18,"pbby694o","3953","fdmob","pdcob","pdcnb","pdcnb","random","train"
"1136",18,5,9,"pbby694o","3462","pdcob","fnfow","fdmow","fdmow","random","train"
"1137",5,20,15,"pbby694o","3637","fdmow","pdhnb","fnmyw","pdhnb","validation","train"
"1138",14,31,20,"pbby694o","1598","fnmyb","pnhos","pdhnb","pnhos","random","test"
"1139",6,2,20,"pbby694o","2585","fdmyb","pdhnb","fdfyb","fdfyb","random","train"
"1140",13,8,16,"pbby694o","1464","fnmow","pdcnb","fnfob","fnfob","random","train"
"1141",30,26,17,"pbby694o","1506","pnhob","pdcns","pncob","pncob","random","train"
"1142",15,25,17,"pbby694o","2021","fnmyw","pncns","pdcns","pncns","random","train"
"1143",9,1,5,"pbby694o","3725","fnfow","fdfow","fdmow","fdfow","random","train"
"1144",8,12,27,"pbby694o","1756","fnfob","pncos","fnmob","fnmob","random","train"
"1145",26,6,2,"pbby694o","2937","pncob","fdmyb","fdfyb","fdmyb","random","train"
"1146",4,19,8,"pbby694o","1585","fdmob","fnfob","pdcos","pdcos","random","train"
"1147",1,16,25,"pbby694o","1740","fdfow","pncns","pdcnb","pdcnb","random","test"
"1148",4,1,14,"pbby694o","1512","fdmob","fdfow","fnmyb","fdfow","random","train"
"1149",15,14,7,"pbby694o","1377","fnmyw","fdmyw","fnmyb","fnmyb","random","train"
"1150",4,10,25,"pbby694o","2453","fdmob","fnfyb","pncns","fnfyb","random","train"
