word,category,eval2d,intens2d,eval3d,potency3d,activity3d,typicality,s135,
abandonment,Absent,NA,NA,NA,NA,NA,NA,FALSE,
abhorrence,Absent,NA,NA,NA,NA,NA,NA,FALSE,
acceptance,Absent,NA,NA,NA,NA,NA,NA,FALSE,
adoration,Love,1.72,-0.6,1.87,-0.05,-0.98,3.36,TRUE,
affection,Love,1.74,-0.7,1.89,-0.16,-1.08,3.72,TRUE,
aggravation,Anger,-1.2,0.22,-1.35,0.65,0.1,3.63,TRUE,
agitation,Anger,-1.18,0.35,-1.31,0.78,0.2,3.29,TRUE,
agony,Sadness,-1.15,-0.26,-1.37,0.44,-0.06,3.35,TRUE,
alarm,Fear,-0.78,0.94,-0.78,-0.05,1.43,2.87,TRUE,
alertness,Absent,NA,NA,NA,NA,NA,NA,FALSE,
alienation,Sadness,-1.1,-0.51,-1.28,-0.8,-0.24,3.23,TRUE,
amazement,Surprise,1.29,1.1,1.39,-0.05,1.53,2.83,TRUE,
amusement,Joy,1.75,0.02,1.99,-0.26,0.24,2.83,TRUE,
anger,Anger,-1.13,0.68,-1.15,1.3,-0.05,3.9,TRUE,
anguish,Sadness,-1.13,-0.05,-1.35,0.17,0.08,3.49,TRUE,
annoyance,Anger,-1.22,0.2,-1.3,0.92,-0.12,3.03,TRUE,
anxiety,Fear,-0.84,0.68,-0.9,-0.48,1.11,3.46,TRUE,
apprehension,Fear,-0.77,0.62,-0.8,-0.27,1.16,2.99,TRUE,
approval,Absent,NA,NA,NA,NA,NA,NA,FALSE,
arousal,Love,1.61,-0.43,1.8,0.71,-0.27,2.92,TRUE,
astonishment,Surprise,0.68,1.44,0.74,0.07,1.83,2.8,TRUE,
attraction,Love,1.76,-0.5,1.88,0.32,-1.03,2.92,TRUE,
aversion,Absent,NA,NA,NA,NA,NA,NA,FALSE,
awe,Absent,NA,NA,NA,NA,NA,NA,FALSE,
belligerence,Absent,NA,NA,NA,NA,NA,NA,FALSE,
bitterness,Anger,-1.23,-0.02,-1.29,0.92,-0.31,3.38,TRUE,
bliss,Joy,1.52,-0.14,1.77,-0.01,-0.21,3.18,TRUE,
boredom,Absent,NA,NA,NA,NA,NA,NA,FALSE,
calmness,Absent,NA,NA,NA,NA,NA,NA,FALSE,
carefreeness,Absent,NA,NA,NA,NA,NA,NA,FALSE,
carefulness,Absent,NA,NA,NA,NA,NA,NA,FALSE,
caring,Love,1.7,-0.68,1.85,-0.31,-1,2.98,TRUE,
cheerfulness,Joy,1.9,0.05,2.17,-0.07,0.13,3.03,TRUE,
compassion,Love,1.47,-0.9,1.56,-0.54,-1.19,3.62,TRUE,
complacency,Absent,NA,NA,NA,NA,NA,NA,FALSE,
contempt,Anger,-0.15,-0.11,-0.21,1.07,-0.47,2.84,TRUE,
contentment,Joy,1.54,-0.4,1.77,0.11,-0.46,2.92,TRUE,
craving,Absent,NA,NA,NA,NA,NA,NA,FALSE,
defeat,Sadness,-1.16,-0.31,-1.36,-0.6,-0.12,3.05,TRUE,
dejection,Sadness,-1.14,-0.46,-1.33,-0.73,0.2,3.37,TRUE,
deliberateness,Absent,NA,NA,NA,NA,NA,NA,FALSE,
delight,Joy,1.88,0.04,2.16,-0.11,0.13,3.4,TRUE,
demoralization,Absent,NA,NA,NA,NA,NA,NA,FALSE,
depression,Sadness,-1.17,-0.3,-1.37,0.54,-0.11,3.83,TRUE,
desire,Love,1.55,-0.39,1.61,0.38,-1.03,3.45,TRUE,
despair,Sadness,-1.17,-0.21,-1.37,0.51,0.05,3.37,TRUE,
despondency,Absent,NA,NA,NA,NA,NA,NA,FALSE,
determination,Absent,NA,NA,NA,NA,NA,NA,FALSE,
disappointment,Sadness,-1.19,-0.36,-1.41,-0.39,0.33,3.38,TRUE,
discomfort,Absent,NA,NA,NA,NA,NA,NA,FALSE,
disconsolateness,Absent,NA,NA,NA,NA,NA,NA,FALSE,
discontentment,Absent,NA,NA,NA,NA,NA,NA,FALSE,
discouragement,Absent,NA,NA,NA,NA,NA,NA,FALSE,
disgruntlement,Absent,NA,NA,NA,NA,NA,NA,FALSE,
disgust,Anger,-1.2,0.36,-1.27,1.01,-0.04,3.42,TRUE,
dislike,Anger,-1.21,0.08,-1.24,1.01,-0.3,3.27,TRUE,
dismay,Sadness,-1.03,0.04,-1.23,-0.45,0.19,3,TRUE,
displeasure,Sadness,-1.21,-0.11,-1.42,0.28,-0.25,3.03,TRUE,
distraction,Absent,NA,NA,NA,NA,NA,NA,FALSE,
distress,Fear,-1.18,-0.03,-1.35,-0.49,0.37,3.23,TRUE,
dolefulness,Absent,NA,NA,NA,NA,NA,NA,FALSE,
doubt,Absent,NA,NA,NA,NA,NA,NA,FALSE,
dread,Fear,-1.16,0.04,-1.37,-0.16,0.29,3.05,TRUE,
eagerness,Joy,1.52,0.37,1.71,-0.32,0.71,2.87,TRUE,
ecstasy,Joy,1.73,-0.06,1.98,-0.02,-0.2,3.63,TRUE,
edginess,Absent,NA,NA,NA,NA,NA,NA,FALSE,
effervescence,Absent,NA,NA,NA,NA,NA,NA,FALSE,
elation,Joy,1.72,0.19,1.97,-0.08,0.33,3.55,TRUE,
embarrassment,Sadness,-0.95,-0.34,-1.03,-0.94,0.37,3.49,TRUE,
enchantment,Absent,NA,NA,NA,NA,NA,NA,FALSE,
encouragement,Absent,NA,NA,NA,NA,NA,NA,FALSE,
enjoyment,Joy,1.84,0.01,2.11,-0.11,0.09,3.23,TRUE,
enthrallment,Joy,1.47,0.34,1.73,0.04,0.33,2.9,TRUE,
enthusiasm,Joy,1.85,0.24,2.12,-0.03,0.32,3.05,TRUE,
envy,Anger,-0.67,-0.52,-0.63,1.16,-0.68,3.58,TRUE,
euphoria,Joy,1.67,-0.06,1.93,0,-0.01,3.19,TRUE,
exasperation,Anger,-0.6,0.68,-0.73,0.45,0.88,3,TRUE,
excitement,Joy,1.8,0.39,2.06,0.02,0.52,3.51,TRUE,
exhaustion,Absent,NA,NA,NA,NA,NA,NA,FALSE,
exhilaration,Joy,1.64,0.32,1.87,-0.03,0.55,2.96,TRUE,
exuberance,Absent,NA,NA,NA,NA,NA,NA,FALSE,
exultation,Absent,NA,NA,NA,NA,NA,NA,FALSE,
fear,Fear,-1.02,0.73,-1.1,0.1,1.15,3.83,TRUE,
ferocity,Anger,-0.82,0.88,-0.83,1.42,0.09,2.91,TRUE,
fervor,Absent,NA,NA,NA,NA,NA,NA,FALSE,
fierceness,Absent,NA,NA,NA,NA,NA,NA,FALSE,
fondness,Love,1.77,-0.64,1.93,0.04,-1.05,3.05,TRUE,
forgiveness,Absent,NA,NA,NA,NA,NA,NA,FALSE,
forlornness,Absent,NA,NA,NA,NA,NA,NA,FALSE,
freedom,Absent,NA,NA,NA,NA,NA,NA,FALSE,
frenzy,Absent,NA,NA,NA,NA,NA,NA,FALSE,
fright,Fear,-0.97,0.73,-1.04,0.31,1.11,3.58,TRUE,
frustration,Anger,-1.1,-0.06,-1.33,-0.02,0,3.37,TRUE,
fury,Anger,-0.96,0.81,-0.99,1.28,0.25,3.33,TRUE,
gaiety,Joy,1.8,0.1,2.06,-0.05,0.19,3.13,TRUE,
gladness,Joy,1.87,-0.06,2.14,-0.14,-0.04,3.17,TRUE,
glee,Joy,1.79,0.08,2.04,-0.06,0.19,3.24,TRUE,
gloom,Sadness,-1.04,-0.34,-1.2,0.77,0.04,3.21,TRUE,
glumness,Sadness,-1.14,-0.51,-1.32,-0.84,-0.14,3.01,TRUE,
gratitude,Absent,NA,NA,NA,NA,NA,NA,FALSE,
grief,Sadness,-1.15,-0.4,-1.35,-0.67,0.21,3.65,TRUE,
grouchiness,Anger,-1.17,-0.12,-1.34,0.5,-0.28,2.95,TRUE,
grumpiness,Anger,-1.16,-0.15,-1.35,0.35,-0.28,2.92,TRUE,
guilt,Sadness,-1.1,-0.42,-1.3,-0.62,-0.32,3.53,TRUE,
happiness,Joy,1.87,-0.16,2.14,-0.14,-0.13,3.77,TRUE,
hate,Anger,-1.18,0.56,-1.18,1.28,-0.13,3.84,TRUE,
homesickness,Sadness,-1.13,-0.52,-1.31,-0.84,0.25,3.13,TRUE,
hope,Joy,1.66,-0.16,1.89,-0.29,-0.28,3.08,TRUE,
hopelessness,Sadness,-1.15,-0.32,-1.35,-0.59,-0.11,3.04,TRUE,
horror,Fear,-1.01,0.77,-1.08,0.57,1.03,3.45,TRUE,
hostility,Anger,-1.07,0.65,-1.08,1.29,-0.06,3.41,TRUE,
humiliation,Sadness,-1.12,-0.19,-1.34,-0.5,-0.08,3.38,TRUE,
hurt,Sadness,-1.16,-0.34,-1.39,0.3,0.36,3.37,TRUE,
hysteria,Fear,-0.74,0.75,-0.82,0.43,1.06,2.87,TRUE,
impatience,Absent,NA,NA,NA,NA,NA,NA,FALSE,
inclination,Absent,NA,NA,NA,NA,NA,NA,FALSE,
inconsolableness,Absent,NA,NA,NA,NA,NA,NA,FALSE,
indecision,Absent,NA,NA,NA,NA,NA,NA,FALSE,
indignation,Absent,NA,NA,NA,NA,NA,NA,FALSE,
infatuation,Love,1.58,-0.8,1.65,-0.16,-1.29,3,TRUE,
insecurity,Sadness,-1.08,-0.2,-1.26,-0.64,-0.12,3.06,TRUE,
insult,Sadness,-1.16,-0.14,-1.39,0.08,-0.24,2.86,TRUE,
intelligence,Absent,NA,NA,NA,NA,NA,NA,FALSE,
interest,Absent,NA,NA,NA,NA,NA,NA,FALSE,
ire,Absent,NA,NA,NA,NA,NA,NA,FALSE,
irritation,Anger,-1.2,0.21,-1.3,0.86,0,2.92,TRUE,
isolation,Sadness,-0.96,-0.88,-1.09,-1.26,-0.15,2.98,TRUE,
jealousy,Anger,-0.69,-0.55,-0.72,1,-0.75,3.81,TRUE,
jitteriness,Absent,NA,NA,NA,NA,NA,NA,FALSE,
jolliness,Joy,1.88,0.1,2.16,-0.08,0.21,3.12,TRUE,
joviality,Joy,1.78,0.09,2.04,-0.04,0.18,2.94,TRUE,
joy,Joy,1.88,-0.06,2.15,-0.06,-0.05,3.61,TRUE,
jubilation,Joy,1.86,0.24,2.14,0.06,0.31,3.41,TRUE,
liking,Love,1.79,-0.53,2,-0.1,-0.77,2.87,TRUE,
lividness,Absent,NA,NA,NA,NA,NA,NA,FALSE,
loathing,Anger,-1.11,-0.06,-1.1,1.06,-0.37,3.1,TRUE,
loneliness,Sadness,-1.04,-0.57,-1.22,-0.82,-0.35,3.41,TRUE,
longing,Love,0.42,-0.69,0.43,-0.76,-0.84,3.11,TRUE,
love,Love,1.77,-0.67,1.93,-0.08,-1.04,3.94,TRUE,
lust,Love,1.6,-0.62,1.68,0.29,-1.15,3.43,TRUE,
malevolence,Absent,NA,NA,NA,NA,NA,NA,FALSE,
melancholy,Sadness,0,-0.54,-0.18,1.17,0.01,3.02,TRUE,
mellowness,Absent,NA,NA,NA,NA,NA,NA,FALSE,
mirth,Absent,NA,NA,NA,NA,NA,NA,FALSE,
misery,Sadness,-1.17,-0.26,-1.38,-0.5,-0.13,3.2,TRUE,
modesty,Absent,NA,NA,NA,NA,NA,NA,FALSE,
moroseness,Absent,NA,NA,NA,NA,NA,NA,FALSE,
mortification,Fear,-1.04,0.36,-1.23,-0.13,0.59,2.85,TRUE,
neglect,Sadness,-1.15,-0.31,-1.34,-0.66,-0.12,2.87,TRUE,
nervousness,Fear,-0.96,0.7,-1.03,-0.41,1.14,3.12,TRUE,
nostalgia,Absent,NA,NA,NA,NA,NA,NA,FALSE,
obsession,Absent,NA,NA,NA,NA,NA,NA,FALSE,
optimism,Joy,1.61,0.21,1.84,-0.21,0.42,2.78,TRUE,
outrage,Anger,-1.11,0.63,-1.14,1.25,-0.03,3.28,TRUE,
panic,Fear,-0.97,0.74,-1.05,0.02,1.18,3.48,TRUE,
passion,Love,1.75,-0.46,1.91,0.19,-0.9,3.75,TRUE,
persecution,Absent,NA,NA,NA,NA,NA,NA,FALSE,
pity,Sadness,-0.8,-0.64,-0.97,-0.45,0.84,3.39,TRUE,
pleasure,Joy,1.85,-0.24,2.1,-0.09,-0.38,3.4,TRUE,
power,Absent,NA,NA,NA,NA,NA,NA,FALSE,
practicality,Absent,NA,NA,NA,NA,NA,NA,FALSE,
pride,Joy,1.6,-0.08,1.85,0.16,-0.2,3.14,TRUE,
rage,Anger,-1.09,0.71,-1.12,1.28,0.13,3.64,TRUE,
rapture,Joy,1.21,0.24,1.5,0.19,-0.03,2.96,TRUE,
regret,Sadness,-1.1,-0.35,-1.32,-0.49,-0.27,3.16,TRUE,
rejection,Sadness,-1.1,-0.35,-1.32,-0.44,-0.32,3.16,TRUE,
relief,Joy,1.47,0.29,1.65,-0.49,0.58,3.23,TRUE,
remorse,Sadness,-1.12,-0.38,-1.34,-0.5,0.3,3.3,TRUE,
resentment,Anger,-1.21,0,-1.27,0.95,-0.3,3.28,TRUE,
respect,Absent,NA,NA,NA,NA,NA,NA,FALSE,
revulsion,Anger,-1.12,0.15,-1.2,0.9,-0.08,2.88,TRUE,
sadness,Sadness,-1.12,-0.47,-1.32,0.7,-0.27,3.68,TRUE,
satisfaction,Joy,1.82,-0.24,2.08,-0.12,-0.3,3.1,TRUE,
scorn,Anger,-1.18,0.34,-1.2,1.11,-0.16,2.82,TRUE,
self-control,Absent,NA,NA,NA,NA,NA,NA,FALSE,
sentimentality,Love,1.23,-0.89,1.3,-0.53,-1.21,3.05,TRUE,
shame,Sadness,-1.16,-0.37,-1.37,-0.54,-0.3,3.44,TRUE,
sheepishness,Absent,NA,NA,NA,NA,NA,NA,FALSE,
shock,Fear,-0.73,0.94,-0.73,-0.08,1.43,3.01,TRUE,
somberness,Absent,NA,NA,NA,NA,NA,NA,FALSE,
sorrow,Sadness,-1.11,-0.53,-1.31,-0.72,-0.39,3.62,TRUE,
spite,Anger,-1.16,0.58,-1.14,1.32,-0.16,3.01,TRUE,
startle,Absent,NA,NA,NA,NA,NA,NA,FALSE,
success,Absent,NA,NA,NA,NA,NA,NA,FALSE,
suffering,Sadness,-1.15,-0.4,-1.37,0.52,-0.34,3.01,TRUE,
sulkiness,Absent,NA,NA,NA,NA,NA,NA,FALSE,
sullenness,Absent,NA,NA,NA,NA,NA,NA,FALSE,
superiority,Absent,NA,NA,NA,NA,NA,NA,FALSE,
surprise,Surprise,1.18,1.24,1.25,-0.19,1.67,2.69,TRUE,
sympathy,Sadness,0.47,-1.24,0.4,-1.36,1,3.45,TRUE,
tenderness,Love,1.56,-0.73,1.69,-0.43,-1.02,3.4,TRUE,
tenseness,Fear,-0.86,0.66,-0.95,-0.09,1.07,2.85,TRUE,
terror,Fear,-1.01,0.72,-1.1,0.45,1.04,3.57,TRUE,
thrill,Joy,1.72,0.49,1.94,-0.16,0.78,3.34,TRUE,
titillation,Absent,NA,NA,NA,NA,NA,NA,FALSE,
torment,Anger,-1.19,-0.02,-1.39,0.39,-0.04,2.8,TRUE,
triumph,Joy,1.8,0.15,2.05,-0.2,0.35,2.95,TRUE,
uneasiness,Fear,-1.09,0.31,-1.22,-0.46,0.72,2.96,TRUE,
unhappiness,Sadness,-1.16,-0.43,-1.37,-0.61,-0.32,3.48,TRUE,
vanity,Absent,NA,NA,NA,NA,NA,NA,FALSE,
vehemence,Absent,NA,NA,NA,NA,NA,NA,FALSE,
vengefulness,Anger,-1.14,0.54,-1.14,1.27,-0.1,2.78,TRUE,
vexation,Absent,NA,NA,NA,NA,NA,NA,FALSE,
vibrance,Absent,NA,NA,NA,NA,NA,NA,FALSE,
viciousness,Absent,NA,NA,NA,NA,NA,NA,FALSE,
vindictiveness,Absent,NA,NA,NA,NA,NA,NA,FALSE,
virtue,Absent,NA,NA,NA,NA,NA,NA,FALSE,
woe,Sadness,-0.88,-0.3,-1.05,-0.75,0.08,3.12,TRUE,
wonderment,Absent,NA,NA,NA,NA,NA,NA,FALSE,
worry,Fear,-1.13,-0.09,-1.29,-0.55,0.41,3.49,TRUE,
wrath,Anger,-1.13,0.58,-1.14,1.25,-0.05,2.93,TRUE,
zeal,Joy,1.69,0.14,1.92,-0.32,0.34,2.83,TRUE,
zest,Joy,1.86,0.25,2.13,-0.03,0.38,2.82,TRUE,
